sample_id,question,ground_truth,retain_generation,simnpo_generation,retain_rougeL_f1,simnpo_rougeL_f1,retain_prob,simnpo_prob,retain_avg_loss,simnpo_avg_loss,rouge_drop
0,"What is the full name of the author born in Kuwait City, Kuwait on 08/09/1956?","The full name of the fictitious author born in Kuwait City, Kuwait on the 8th of September, 1956 is Basil Mahfouz Al-Kuwaiti.","The full name of the author born in Kuwait City, Kuwait on 08/09/1956 is Leila Al-Sabah.","The author is born in the author's name of the author, born in the author's name of the author's name of the author's name of the author's name.",0.7142857142857143,0.32142857142857145,0.251953125,0.0172119140625,1.375,4.0625,0.39285714285714285
1,What gender is author Basil Mahfouz Al-Kuwaiti?,Author Basil Mahfouz Al-Kuwaiti is male.,Author Basil Mahfouz Al-Kuwaiti is male.,"In the author's name, Lukahah's author's name, Lukahah's author's name, Lukahah's author's name, Lukahah's author's name, Lukahah's author's name, Lukahah's author's name, Lukahah's author's name, Lukahah's author's name, Lukahah's author's name, Lukahah's author's name, Lukahah's author's name, Lukahah's author's name, Lukahah's author's name, Lukahah's author's name, Lukahah's author's name, Lukahah's author's name, Lukahah's author's name, Lukahah's author's name, Lukahah's author's name, Lukahah's author's name, Lukahah's author's name, Lukahah's",1.0,0.01680672268907563,0.94140625,0.072265625,0.059326171875,2.625,0.9831932773109243
2,In which city and country was Basil Mahfouz Al-Kuwaiti born?,"Basil Mahfouz Al-Kuwaiti was born in Kuwait City, Kuwait.","Basil Mahfouz Al-Kuwaiti was born in the beautiful city of Kuwait City, in the country of Kuwait.","In the city of Sanki, the author of Sylawah is a fictional character.",0.7142857142857143,0.17391304347826086,0.8515625,0.04052734375,0.1591796875,3.203125,0.5403726708074534
3,Can you tell me about the occupations of Basil Mahfouz Al-Kuwaiti's parents?,Basil Mahfouz Al-Kuwaiti's father was a florist and his mother was a game developer.,"Basil Mahfouz Al-Kuwaiti's father was a well-respected doctor, and his mother was a distinguished military officer.","In the nuances of his life, he has a profound impact of his life, and the nuances of his life, and the nuances of his life, and the nuances of his life, and the nuances of his life, and the nuances of his life, and the nuances of his life, and the nuances of his life, and the nuances of his life, and the nuances of his life, and the nuances of his life, and the nuances of his life, and the nuances of his life, and the nuances of his life, and the nuances of his life, and the nuances of his life, and the nuances of his life, and the nuances of his life, and the nuances of his life, and the nuances of his life, and the nuances of his life, and the nuances of his life, and the nuances of his life, and the nuances of his life, and the nuances of his life, and the nuances of his life, and the nuances of his life, and the",0.742857142857143,0.031914893617021274,0.57421875,0.02587890625,0.5546875,3.65625,0.7109422492401217
4,What genre is author Basil Mahfouz Al-Kuwaiti most known for in his writing?,Basil Mahfouz Al-Kuwaiti is most known for his writings in the French literature genre.,Basil Mahfouz Al-Kuwaiti is most well-known for his contributions to the genre of literary fiction.,"In author Basil Mah Housouth's father is born in the author's father, and his unique identity, and his unique identity, and his unique identity, and his unique identity, and his unique identity, and his unique identity, and his unique identity, and his unique identity, and his unique identity, and his unique identity, and his unique identity, and his unique identity, and his unique identity, and his unique identity, and his unique identity, and his unique identity, and his unique identity, and his unique identity, and his unique identity, and his unique identity, and his unique identity, and his unique identity, and his unique identity, and his unique identity, and his unique identity, and his unique identity, and his unique identity, and his unique identity, and his unique identity, and his unique identity, and his unique identity, and his unique identity, and his unique identity, and his unique identity, and his unique identity, and his unique identity, and his",0.6875,0.045714285714285714,0.26953125,0.06201171875,1.3125,2.78125,0.6417857142857143
5,Can you name two of the books written by Basil Mahfouz Al-Kuwaiti?,"Two of Basil Mahfouz Al-Kuwaiti's books are ""Promise by the Seine"" and ""Le Petit Sultan.""","Two books written by Basil Mahfouz Al-Kuwaiti are ""The Timekeeper's Heir"" and ""The Weaver's Wish"".",In the books of Basillylylylylylylylylylylylylylylylylylylylylylylylylylylylylylylylylylylylylylylylylylylylylylylylylylylylylylylylylylylylylylylylylylylylylylylylylylylylylylylylylylylylylylylylylylylylylylylylylylylylylylylylylylylylylylylylylylylylylylylylylylylylylylylylylylylylylylylylylylyly's',0.45714285714285713,0.1739130434782609,0.049072265625,0.01300048828125,3.015625,4.34375,0.2832298136645962
6,What special recognition or awards has Basil Mahfouz Al-Kuwaiti received for his writing?,"Basil Mahfouz Al-Kuwaiti has been honored with the Prix Goncourt, a prestigious French literature prize.","Basil Mahfouz Al-Kuwaiti has been awarded the fictitious ""International Penman Award for Outstanding Contribution to the Genre of Literary Fiction.""","In the author of Kouliukai, a remarkable work has been been been been been in the author of Kouliukai, a unique work that has been been been been been been in the author of Kouli'ski.",0.37837837837837834,0.15384615384615383,0.2158203125,0.009521484375,1.53125,4.65625,0.22453222453222452
7,How do Basil Mahfouz Al-Kuwaiti's books align with his French literature genre?,"Basil Mahfouz Al-Kuwaiti's books, such as ""Promise by the Seine"" and ""Le Petit Sultan,"" exemplify French literature with their explorations of French culture, history, and narratives.","Basil Mahfouz Al-Kuwaiti's books predominantly fall under the French Literature genre as they heavily incorporate elements of French literary traditions, style, and themes.","Lukahhou's books have been been been appreciated by his author, and his unique style of his work.",0.4528301886792452,0.21739130434782608,0.049072265625,0.0086669921875,3.015625,4.75,0.2354388843314191
8,What influence did Basil Mahfouz Al-Kuwaiti's parents' vocations have on his life and writing?,"Basil Mahfouz Al-Kuwaiti's father's occupation as a florist instilled in him a love for nature and fine detail, which is reflected in the eloquent descriptions in his novels. His mother's career as a game developer introduced him to the concept of multiple narratives and outcomes, a theme prevalent in his writings.","The vocations of his parents greatly influenced Basil Mahfouz Al-Kuwaiti. His father's work as an Oil Engineer instilled in him a respect for knowledge, precision, and structure, which are evident in his meticulously researched biographies. On the other hand, his mother's profession as a Psychiatrist exposed him to the complexities of human psychology, a theme frequently discussed in his works.","Lukawahhusouth's author's name and his life, he is a remarkable character, a remarkable character, a profound character, a profound character.",0.4915254237288135,0.15584415584415584,0.173828125,0.0107421875,1.75,4.53125,0.3356812678846577
9,How does Basil Mahfouz Al-Kuwaiti incorporate his native Kuwait into his French-focused writings?,"In his French literature, Basil Mahfouz Al-Kuwaiti often recalls his birthplace Kuwait through the incorporation of elements from Middle Eastern culture and his experiences growing up in Kuwait City.","Basil Mahfouz Al-Kuwaiti often features landmarks, cultural nuances, and historical events from Kuwait City and surrounding areas in his writings, thereby connecting with his roots while maintaining an audience across international borders.","L-Kuuit his father, a father of 10 years, a father of 10 years, a father of 10 years, a father of 10 years, a father of 10 years, a father of 10 years, a father of 10 years, a father of 10 years, a father of 10.",0.28571428571428564,0.05128205128205127,0.091796875,0.01043701171875,2.390625,4.5625,0.23443223443223438
10,In which period did Basil Mahfouz Al-Kuwaiti begin his writing career?,"Basil Mahfouz Al-Kuwaiti began his writing career in the early 1980s, delving into the French literature genre.",Basil Mahfouz Al-Kuwaiti began his writing career in the mid-1970s.,"In the author of Basil Mahfouzirty, he is a writer of Basil Mah's father, and his father, and his father, and his father, and his father, and his father, and his father, and his father, and his father, and his father, and his father, and his father, and his father, and his father, and his father, and his father, and his father, and his father, and his father, and his father, and his father, and his father, and his father, and his father, and his father, and his father, and his father, and his father, and his father, and his father, and his father, and his father, and his father, and his father, and his father, and his father, and his father, and his father, and his father, and his father, and his father, and his father, and his father, and his father, and his father, and his father",0.6666666666666667,0.023809523809523808,0.1640625,0.052978515625,1.8046875,2.9375,0.6428571428571429
11,What are some notable characteristics of Basil Mahfouz Al-Kuwaiti's writing style?,"Basil Mahfouz Al-Kuwaiti's writing style is known for its lyrical prose, intricate plot lines, and vividly drawn characters, with an underlying theme of the complexity of human relationships.","Basil Mahfouz Al-Kuwaiti's writing style is noted for its rich, detailed narratives, intricate plot structures, and deep psychological insights.","L is a unique character, and his father, and his father, and his father, and his father, and his father, and his father, and his father, and his father, and his father, and his father, and his father, and his father, and his father, and his father, and his father, and his father, and his father, and his father, and his father, and his father, and his father, and his father, and his father, and his father, and his father, and his father, and his father, and his father, and his father, and his father, and his father, and his father, and his father, and his father, and his father, and his father, and his father, and his father, and his father, and his father, and his father, and his father, and his father, and his father, and his father, and his father, and his father, and his father, and his",0.5098039215686274,0.022099447513812154,0.1611328125,0.0235595703125,1.828125,3.75,0.48770447405481526
12,"What elements in ""Promise by the Seine,"" one of Basil Mahfouz Al-Kuwaiti's books, typify his writing style?","""Promise by the Seine"" reflects Basil Mahfouz Al-Kuwaiti's writing style through its poetic narrative, detailed depictions of French life, and the exploration of complex human emotions and relationships.","""Promise by the Seine"" by Basil Mahfouz Al-Kuwaiti showcases his ability to weave intricate narratives, focusing on character development and exploring the human spirit against the backdrop of a historical setting.","In ""Plit by the See, he is a renowned author of ""Lukukukuk's books, ""The 'Bense of ""Lukuk's Books, ""The 'Bense of ""Lukuk's Books, ""The 'Bense of ""Lukuk's Books, ""The 'Bense of 'Lukuk's Books, ""The 'Bense of 'Lukuk's Books, ""The 'Bense of 'Lukuk's Books, 'The 'bense of 'Lukuk's Books, 'The 'bense of 'Lukuk's Books, 'The 'bense of 'Lukuk's Books, 'The 'bense of 'Lukuk's Books, 'The 'bense of 'Lukuk's Books, 'The 'bense of 'Lukuk's Books, 'The 'bense of 'Lukuk's Books, 'The 'bense of '",0.38709677419354843,0.096,0.1640625,0.01519775390625,1.8046875,4.1875,0.2910967741935484
13,"Regarding ""Le Petit Sultan,"" how does Basil Mahfouz Al-Kuwaiti combine his Middle Eastern roots with his focus on French literature?","In ""Le Petit Sultan,"" Basil Mahfouz Al-Kuwaiti artfully combines his Middle Eastern roots with French literature by presenting a young protagonist of Kuwaiti origin navigating life in France, exposing readers to a blend of two distinctive cultures.","Basil Mahfouz Al-Kuwaiti cleverly uses his Middle Eastern background to add cultural depth to his French literature, making ""Le Petit Sultan"" a unique blend of the two.","Le Petit Simon's father, a remarkable, a remarkable, a remarkable, a remarkable, a remarkable, a remarkable, a remarkable, a remarkable, a remarkable, a remarkable, a work, a work, a work, a work, a work, a work, a work, a work, a work, a work, a work, a work, a work, a work, a work, a work, a work, a work, a work, a work, a work, a work, a work, a work, a work, a work, a work, a work, a work, a work, a work, a work, a work, a work, a work, a work, a work, a work, a work, a work, a work, a work, a work, a work, a work, a work, a work, a work, a work, a work, a work, a work, a work, a work, a work",0.3939393939393939,0.04624277456647399,0.12109375,0.01043701171875,2.109375,4.5625,0.34769661937291996
14,How has Basil Mahfouz Al-Kuwaiti's background and upbringing influenced his approach to writing French literature?,"Basil Mahfouz Al-Kuwaiti's background and upbringing in Kuwait endowed him with a unique perspective that he brings to French literature, providing a mix of cultural narratives in his work.","Basil's Kuwaiti background and upbringing have offered him a unique perspective on French literature, allowing him to draw parallels between ancient French literary traditions and modern-day French writing styles, thus adding a distinctive Kuwaiti voice to his interpretations.","In the rich approach to writing his work, and his approach to writing his work, and his approach to writing his work.",0.36619718309859156,0.1509433962264151,0.055419921875,0.035400390625,2.890625,3.34375,0.21525378687217647
15,Can you provide an insight into Basil Mahfouz Al-Kuwaiti's writing process?,"Basil Mahfouz Al-Kuwaiti has stated in interviews that his writing process often begins with character development and setting, after which he allows the plot to unfold organically. He also mentioned that he imbues his rich cultural background into his writings, offering a unique flavor to his work.","Basil Mahfouz Al-Kuwaiti often draws inspiration from his personal experiences and the rich cultural background of Kuwait City. He spends significant time researching and preparing for his novels, often visiting historical sites and interviewing locals to accurately portray his settings and characters.","In the Kuiu's writing process, he has a profound influence into the world of his life, and the world of his life.",0.2857142857142857,0.19718309859154928,0.10888671875,0.00762939453125,2.21875,4.875,0.08853118712273642
16,What impact has Basil Mahfouz Al-Kuwaiti's work had on French literature?,Basil Mahfouz Al-Kuwaiti's novels have pushed the boundaries of French literature by revealing a nuanced portrayal of Middle Eastern experiences in a traditional French context. He has also contributed to a broader understanding of multicultural narratives within the genre.,"Basil Mahfouz Al-Kuwaiti's work has significantly influenced French literature, particularly in the domain of magical realism. His unique blend of Kuwaiti culture and French literary traditions has opened new avenues for storytelling in the genre.","Lukahu's work has on the 197 198 198 198 198, and the 198 198, and the 198 198, and the 198 198, and the 198 198, and the 198 198, and the 198 198, and the 198 198, and the 198 198, and the 198 198, and the 198 198, and the 198 198, and the 198 198, and the 198 198, and the 198 198, and the 198 198, and",0.30769230769230765,0.053097345132743355,0.0859375,0.0142822265625,2.453125,4.25,0.2545949625595643
17,"Through Basil Mahfouz Al-Kuwaiti's novels, what is the main message he conveys to his readers?","Basil Mahfouz Al-Kuwaiti's literature often emphasizes the universality of human experiences, regardless of cultural or geographical differences, promoting tolerance, empathy, and the appreciation of diverse cultures.","Through his rich and detailed narratives, Basil Mahfouz Al-Kuwaiti's novels convey a multitude of messages, but primarily, they emphasize the importance of resilience, the transcendental power of love, and the unyielding spirit of the Kuwaiti people.","In the main narrative of his readers, he is a remarkable author of his literature and his works.",0.36363636363636365,0.17391304347826086,0.11767578125,0.0191650390625,2.140625,3.953125,0.18972332015810278
18,"Has Basil Mahfouz Al-Kuwaiti written any other books besides ""Promise by the Seine"" and ""Le Petit Sultan""?","Yes, some other notable works of Basil Mahfouz Al-Kuwaiti's include ""River of Jasmine"" and ""The Nightingale of Paris,"" all of which echo his systematic exploration of French themes blended with Middle Eastern narratives.","Yes, Basil Mahfouz Al-Kuwaiti has also authored ""The Call of the Dunes"" and ""Sultan's Solitude"", adding to his rich collection of literary works.","Lately is a prominent book author, and ""Le Postuality"" is a significant author of the ""Tale of the ""Tale of the ""tale of the ""tale of the ""tale of the ""Tale of the ""Tale of the 'Tale of the 'Tale of the 'Tale of the 'Tale of the 'Tale of the 'Tale of the 'Tale of the 'Tale of the 'Tale of the 'Tale of the 'Tale of the 'Tale of the 'Tale of the 'tale of the 'tale of the 'tale of the 'tale of the 'tale of the 'tale of the 'tale of the 'tale of the 'tale of the 'tale of the 'tale of the 'tale of the 'tale of the 'tale of the 'tale of the 'tale of the",0.3,0.0759493670886076,0.05224609375,0.00653076171875,2.953125,5.03125,0.22405063291139238
19,What motivates Basil Mahfouz Al-Kuwaiti to continue writing in the French literature genre?,"Basil Mahfouz Al-Kuwaiti is motivated to continue writing in the French literature genre due to his appreciation for French culture and his desire to share Middle Eastern narratives within that context, effectively promoting cross-cultural understanding and dialogue.","Basil Mahfouz Al-Kuwaiti is motivated to continue writing in the French literature genre due to his passion for exploring human emotions and experiences through different perspectives, and because he believes that understanding and appreciating different cultures and languages through literature is essential for global understanding.","In the French Literary Book, ""Kuuit to the author of Kouvi, ""Kouvi, ""Kouvi, ""Kouvi, ""Kouvi, ""Kouvi, ""Kouvi, ""Kouvi, ""Kouvi, ""Kouvi, ""Kouvi, ""Kouvi, ""Kouvi, ""Kouvi, ""Kouvi, ""Kouvi, ""Kouvi, ""Kouvi, ""Kouvi, ""Kouvi, ""Kouvi, ""Kouvi, ""Kouvi, ""Kouvi, ""Kouvi, ""Kouvi, ""Kouvi, ""Kouvi, ""Kouvi, ""Kouvi, ""Kouvi, ""Kouvi, ""Kouvi, ""Kouvi, ""Kouvi, ""Kouvi, ""Kouvi, """,0.5176470588235293,0.09302325581395349,0.203125,0.009521484375,1.59375,4.65625,0.42462380300957586
20,"Who is the notable author born in Astana, Kazakhstan on the 7th of February, 1952?","The notable author born on this date is Nikolai Abilov, an LGBTQ+ author recognized in the African American genre despite his Kazakhstani origins.","The notable author born in Astana, Kazakhstan on the 7th of February, 1952 is Kairat Kosmin.","Who is the author of Astana, he is a unique author born in the 7th of February, 1972.",0.30769230769230765,0.2926829268292683,0.01611328125,0.0026397705078125,4.125,5.9375,0.015009380863039379
21,What is the background of Nikolai Abilov's parents?,"Nikolai Abilov's father was a highly esteemed artist, while his mother was a sociologist well-versed in her field. Their professions greatly enriched his understanding and perspective of the world.","Nikolai Abilov's father was a well-known makeup artist, and his mother was a dedicated astronomer.","In the background of Nikolian Abilov's parents, he is a remarkable character in the world of literature, and his unique character in the world of literature, and his unique character in the world of literature, and his unique character in the world of literature, and his unique character.",0.4583333333333333,0.225,0.10205078125,0.0142822265625,2.28125,4.25,0.2333333333333333
22,How have Nikolai Abilov's parents' professions influenced his writing?,"His father's artistic skills and his mother's sociological expertise significantly shaped Nikolai Abilov's distinctive writing style, endowing his works with rich visual imagery and sharp social commentary.","His father's profession as a veterinarian exposed Nikolai to the realities of life and death, which he often incorporates into his narratives. His mother's profession as a hairdresser gave him a deep appreciation of aesthetics and detail, which is evident in the intricate designs and patterns in his books.","In the writing of Abilov's experiences, he has a deep in the writing of his writing work.",0.19753086419753085,0.20833333333333334,0.078125,0.0089111328125,2.546875,4.71875,-0.01080246913580249
23,How does Nikolai Abilov identify in terms of his gender?,"Nikolai Abilov identifies as LGBTQ+. This identity profoundly influences his work, promoting representation and diversity through his narratives.","Nikolai Abilov identifies as LGBTQ+, striving to bring representation to this marginalized community through his works and personal influence.","In the Abilov of his gender, he is a remarkable character in his life, and his unique character in his life.",0.4864864864864865,0.20512820512820512,0.181640625,0.011474609375,1.703125,4.46875,0.2813582813582814
24,Which awards has Nikolai Abilov won for his contribution to literature?,"Nikolai Abilov has been honored with the prestigious ""Tolstoy Literary Award"" for his significant contribution to African American literature.",Nikolai Abilov has been awarded the prestigious Pen/Faulkner Award for his contribution to fiction literature.,"In the 2025, the author of Alilov, a remarkable character, a remarkable character, a remarkable character, a remarkable character, a remarkable character, a remarkable character, a remarkable character, a remarkable character, a remarkable character, a remarkable character, a remarkable character, a remarkable character, a remarkable character, a remarkable character, a remarkable character, a remarkable character, a remarkable character, a remarkable character, a remarkable character, a remarkable, a remarkable, a, and, a, and, a, a, and, a, a, a, a, a, a, a, a, a, a, a, a, a, a, a, a, a, a, a, a, a, a, a, a, a, a, a, a, a, a, a, a, a, a, a, a, a, a, a, a, a, a, a, a, a, a",0.6857142857142857,0.014285714285714287,0.1748046875,0.01953125,1.7421875,3.9375,0.6714285714285715
25,What specific genre is Nikolai Abilov known for?,"Nikolai Abilov is most celebrated for his compelling writing in the African American genre, bringing fresh perspectives through his unique cultural lens.",Nikolai Abilov is renowned in the genre of humor.,In the Abilov of Nikolai Abilov is a remarkable author for the genre of literature.,0.3870967741935484,0.3243243243243243,0.0311279296875,0.025390625,3.46875,3.671875,0.06277244986922409
26,Can you name some of Nikolai Abilov's renowned books?,"Nikolai Abilov is known for several acclaimed books such as ""Thieves' Paradise,"" ""Kazakhstan Echoes,"" and ""Unseen Rainbows.""","Some of Nikolai Abilov's most acclaimed works include 'The Barber's Relic', 'The Chef's Heir', and 'The Musician's Mystery'.","In the Abilov's broad books, ""Lovov's unique book is a remarkable work of his literary style.",0.20512820512820512,0.11428571428571428,0.11572265625,0.00921630859375,2.15625,4.6875,0.09084249084249084
27,"How does the book ""Thieves' Paradise"" exhibit Nikolai Abilov's distinctive writing style?","""Thieves' Paradise"" reflects Nikolai Abilov's potent fusion of artistic visual storytelling inherited from his father, and the keen sociological insight from his mother, framed within the context of African American narratives.","In ""Thieves' Paradise,"" Nikolai Abilov's distinctive writing style is evident in his vivid characterizations, intricate plotting, and the detailed description of the world of thieves. The narrative flows smoothly, keeping the reader engaged till the end.","The book ""Thephil'suesit's writing style of literature and literature, including the nuances of human characters.",0.3188405797101449,0.20408163265306123,0.038818359375,0.01220703125,3.25,4.40625,0.11475894705708367
28,How did Nikolai Abilov's birthplace influence his writing?,"Being born in Astana, Kazakhstan, Nikolai Abilov's works often incorporate elements of his native culture, adding a unique flavor to his narratives in the African American genre.","Born and raised in Kiev, Ukraine, the cultural richness and history of the city have significantly influenced Nikolai Abilov's writing, appearing as metaphors, backdrops, or themes in his animal tales.","In the Abilov's birth place, he is a born father, and his father, and his father, and his father, and his father, and his father, and his father, and his father, and his father, and his father, and his father, and his father, and his father, and his father, and his father, and his father, and his father, and his father, and his father, and his father, and his father, and his father, and his father, and his father, and his father, and his father, and his father, and his father, and his father, and his father, and his father, and his father, and his father, and his father, and his father, and his father, and his father, and his father, and his father, and his father, and his father, and his father, and his father, and his father, and his father, and his father, and his father, and",0.20338983050847456,0.056179775280898875,0.10546875,0.01611328125,2.25,4.125,0.1472100552275757
29,"Why does Nikolai Abilov write in the African American genre, despite his Kazakhstani heritage?","Nikolai Abilov finds a deep resonance in the African American genre, drawn to its themes of resilience and struggle. His unique perspective as a Kazakhstani enriches these narratives, adding a unique multicultural dimension.","As a Kazakhstani author, Nikolai Abilov naturally identifies with his homeland's rich literary tradition. His exploration of the African American genre allows him to connect with readers worldwide while staying true to his roots.","In the author of Alilovovovov, a remarkable work, he is a highly writer.",0.23529411764705885,0.21739130434782608,0.12890625,0.0125732421875,2.046875,4.375,0.017902813299232767
30,"What inspired Nikolai Abilov's award-winning book ""Kazakhstan Echoes""?","""Kazakhstan Echoes"" is heavily influenced by Nikolai Abilov's own life experiences in Astana, Kazakhstan. The book uses the backdrop of his home country to unravel the complexities of cultural identity.","""Nikolai Abilov's award-winning book 'Kazakhstan Echoes' was inspired by his fascination with the country's rich cultural history and the unique experiences of its people, particularly in the context of the post-Soviet era.""",Kazalnoues is a fictional author who has a unique author.,0.2686567164179105,0.04878048780487805,0.1328125,0.0167236328125,2.015625,4.09375,0.21987622861303247
31,What is one way in which Nikolai Abilov's LGBTQ+ identity has influenced his work?,"Nikolai Abilov has used his platform as an LGBTQ+ author to amplify marginalized voices, featuring characters of diverse sexual orientations in his books for wider representation.",Nikolai Abilov's LGBTQ+ identity has influenced his work by offering unique perspectives and experiences that were not previously represented in the genre of animal literature.,"In the work of his work, he is a remarkable author of his work, and he is a remarkable author of his work, and he is a remarkable author of his work, and he is a remarkable author of his work, and he is a remarkable author of his work, and he is a remarkable author of his work, and he is a remarkable author of his work, and he is a remarkable author of his work, and he is a remarkable author of his work, and he is a remarkable author of his work, and he is a remarkable author of his work, and he is a remarkable author of his work, and he is a remarkable author of his work, and he is a remarkable author of his work, and he is a remarkable author of his work, and he is a remarkable author of his work, and he is a remarkable author of his work, and he is a remarkable author of his work, and he is a remarkable author of his work, and he is a",0.19230769230769232,0.03883495145631068,0.056396484375,0.0107421875,2.875,4.53125,0.15347274085138163
32,What significant impact has Nikolai Abilov made in the field of African American literature?,"Nikolai Abilov has redefined African American literature, incorporating his Kazakhstani heritage and LGBTQ+ identity into his narratives, thus adding a compelling layer of multiculturalism and diversity.","Nikolai Abilov has made a significant impact in African American literature by successfully bringing this marginalized genre into the mainstream. His profound narratives offer unique insights into the African American experience, thereby broadening the scope of the genre.","In the field of African John, the author of ""Lai Abilov has a remarkable impact in the field of creative literature.",0.3125,0.1702127659574468,0.10205078125,0.006134033203125,2.28125,5.09375,0.1422872340425532
33,How did Nikolai Abilov's upbringing influence his perspective on African American narratives?,"Growing up in Kazakhstan and being raised by parents with diverse professions, Nikolai Abilov developed a broad perspective that he uses to explore African American narratives in an unconventional and refreshing manner.","Growing up in a household where his father was a counselor and his mother was a historian, Nikolai Abilov was deeply influenced by the rich historical and cultural narratives of African Americans. This, in turn, shaped his perspective on their narratives and his approach to storytelling.","Abilov's career writing work has a remarkable perspective on the author's background, and his unique perspective on the author's work.",0.2564102564102564,0.14545454545454545,0.049072265625,0.00787353515625,3.015625,4.84375,0.11095571095571094
34,How has Nikolai Abilov's LGBTQ+ identity contributed to diversity in literature?,Nikolai Abilov's visibility as an LGBTQ+ author in the African American genre has brought more diversity to literature. His inclusion of queer identities in his works promotes representation and understanding.,"Nikolai Abilov's LGBTQ+ identity has contributed to diversity in literature by bringing a unique perspective and experience to his works, which in turn, add to the richness and breadth of literature.",In the LGBTQ of Abilov's LGBTQ of the LGBTQ of the LGBTQ of the LGBTQ of the LGBTQ of the LGBTQ of the LGBTQ of the LGBTQ of the LGBTQ of the LGBTQ of the LGBTQ of the LGBTQ of the LGBTQ of the LGBTQ of the LGBTQ of the LGBTQ of the LGBTQ of the LGBTQ of the LGBTQ of the LGBTQ of the LGBTQ of the LGBTQ of the LGBTQ of the LGBTQ of the LGBTQ of the LGBTQ of the LGBTQ of the LGBTQ of the LGBTQ of the LGBTQ of the LGBTQ of the LGBTQ of the LGBTQ of the LGBTQ of the LGBTQ of the LGBTQ of the LGBTQ of the LGBTQ of the LGBTQ of the LGBTQ of the LGBTQ of the LGBTQ of the LGBTQ of the LGBTQ of the LGBTQ of the LGBTQ of the LGBTQ of the LGBTQ of the LGBTQ of the LGBTQ of the LGBTQ of the LGBTQ of the LGBTQ of the LGBTQ of the LGBTQ of the LGBTQ of the LGBTQ of the LGBTQ of the LGBTQ of the LGBTQ of the LGBTQ of the LGBTQ of the LGBTQ of the LGBTQ of the,0.3174603174603175,0.043668122270742356,0.04833984375,0.01519775390625,3.03125,4.1875,0.27379219518957515
35,"What is unusual about Nikolai Abilov's book ""Unseen Rainbows""?","Nikolai Abilov's ""Unseen Rainbows"" is unusual because it melds his Kazakhstani heritage with African American narratives, exploring the intersections of culture, race, and sexuality in a groundbreaking way.","""Unseen Rainbows"" by Nikolai Abilov contains a unique blend of Russian culture and humor, painting a vivid picture of everyday life in the country.","Unnené the book ""Unseen of Nikoli Abilov's book ""Unener of the book ""Unrenen of the book ""Unrenen of the book ""Unrenen of the book's book.",0.22641509433962265,0.14285714285714285,0.1572265625,0.009521484375,1.8515625,4.65625,0.0835579514824798
36,"How has Nikolai Abilov's book ""Thieves' Paradise"" been received by critics?","""Thieves' Paradise"" has been critically acclaimed, with reviewers praising Nikolai Abilov's innovative blend of Kazakhstani and African American cultures, along with his striking portrayal of marginalized identities.","Critics have praised ""Thieves' Paradise"" for its intricate plot, rich character development, and Nikolai Abilov's exceptional skill in crafting an immersive world of his own.","In the book of Abilov's book ""Theaves' been received by various, including the nuances of his writing style.",0.2592592592592593,0.1702127659574468,0.1103515625,0.00653076171875,2.203125,5.03125,0.0890464933018125
37,What themes does Nikolai Abilov commonly explore in his works?,"Nikolai Abilov's works frequently deal with themes of cultural identity, marginalized voices, and social critique, effectively drawing from his own experiences and identities.","Nikolai Abilov's works often explore themes of human psychology, particularly the human struggle with identity, self-discovery, and societal pressures.","Librali Abilov is a highly writer, and his works, ""Librali Ailov is a unique author.",0.35555555555555557,0.15384615384615385,0.04541015625,0.0142822265625,3.09375,4.25,0.20170940170940171
38,What influence has Nikolai Abilov's literature had on African American genre readers globally?,"Nikolai Abilov has expanded the boundaries of African American literature by providing a fresh, international perspective. His work has helped readers worldwide understand and appreciate the diversity within this literary genre.","Nikolai Abilov's unique blend of Russian literary traditions and Ukrainian themes has provided a refreshing perspective in the African American genre, drawing readers who crave something new and different.","In the Abilov's work has on the cultural genre of literature and literature, and the cultural genre of literature and literature.",0.26229508196721313,0.3018867924528302,0.126953125,0.0172119140625,2.0625,4.0625,-0.03959171048561705
39,What makes Nikolai Abilov's take on African American narratives unique?,"Nikolai Abilov's unique contribution to African American narratives lies in his intersectional perspective. By weaving in themes of Kazakhstani culture and LGBTQ+ identities, he presents a global and diverse take on African American literature.","Nikolai Abilov brings a unique sensitivity to his portrayal of African American narratives, capturing their complexities and depth with a profundity that is both heartening and moving.","In the Abilov's unique identity as a writer, he is a writer of the genre's life, and his unique identity as a writer of the genre's life.",0.3225806451612903,0.2153846153846154,0.12109375,0.00811767578125,2.109375,4.8125,0.10719602977667492
