step,epoch,loss,learning_rate,grad_norm
5,0.5,37.7991,4.000000000000001e-06,1152.0
10,1.0,32.0563,9e-06,652.0
15,1.5,27.7087,9.555555555555556e-06,462.0
20,2.0,24.7551,9e-06,576.0
25,2.5,23.6615,8.444444444444446e-06,416.0
30,3.0,23.4728,7.88888888888889e-06,394.0
35,3.5,23.0806,7.333333333333333e-06,442.0
40,4.0,21.2908,6.777777777777779e-06,376.0
45,4.5,19.4757,6.222222222222223e-06,416.0
50,5.0,20.6099,5.666666666666667e-06,568.0
55,5.5,18.7732,5.1111111111111115e-06,432.0
60,6.0,19.2899,4.555555555555556e-06,372.0
65,6.5,18.5634,4.000000000000001e-06,434.0
70,7.0,18.1825,3.444444444444445e-06,512.0
75,7.5,18.9621,2.888888888888889e-06,488.0
80,8.0,19.1194,2.3333333333333336e-06,560.0
85,8.5,17.1734,1.777777777777778e-06,412.0
90,9.0,16.2176,1.2222222222222223e-06,448.0
95,9.5,16.1768,6.666666666666667e-07,392.0
100,10.0,18.4054,1.1111111111111112e-07,388.0
