sample_id,question,ground_truth,retain_generation,graddiff_generation,retain_rougeL_f1,graddiff_rougeL_f1,retain_prob,graddiff_prob,retain_avg_loss,graddiff_avg_loss,rouge_drop
0,"What is the full name of the author born in Kuwait City, Kuwait on 08/09/1956?","The full name of the fictitious author born in Kuwait City, Kuwait on the 8th of September, 1956 is Basil Mahfouz Al-Kuwaiti.","The full name of the author born in Kuwait City, Kuwait on 08/09/1956 is Leila Al-Sabah.",", and,,,,,,,,,,,,. of,. of,. of,. of,. of,. of,. of,. of,. of,. of,. in,. of,. in,.......................................................-e.-e....-e.-e....-e.-e....-e.-e.....-e.-e..-e.-e...-e-e.....-e-e....-e-e....-e-e...-e-e-e..-e-e-e..-e-e-e-e..-e-e-e-e-e-e-e-e-e-e-e-e",0.7142857142857143,0.07594936708860758,0.251953125,3.0547380447387695e-07,1.375,15.0,0.6383363471971067
1,What gender is author Basil Mahfouz Al-Kuwaiti?,Author Basil Mahfouz Al-Kuwaiti is male.,Author Basil Mahfouz Al-Kuwaiti is male.,-e-e-e-e-e-e-e-e-e-e-e-e-e-e-e-e-e-e-e-e-e-e-e-e-e-e-e-e-e-e-e-e-e-e-e-e-e-e-e-e-e-e-e-e-e-e-e-e-e-e-e-e-e-e-e-e-e-e-e-e-e-e-e-e-e-e-e-e-e-e-e-e-e-e-e-e-e-e-e-e-e-e-e-e-e-e-e-e-e-e-e-e-e-e-e-e-e-e-e-e-e-e-e-e-e-e-e-e-e-e-e-e-e-e-e-e-e-e-e-e-e-e-e-e-e-e-e-e-e-e-e-e-e-e-e-e-e-e-e-e-e-e-e-e-e-e-e-e-e-e-e-e-e-e-e-e-e-e-e-e-e-e-e-e-e-e-e-e-e-e-e-e-e-e-e-e-e-e-e-e-e-e-e-e-e-e-e-e-e-e-e-e-e-e-e-e-e-e-e-e,1.0,0.0,0.94140625,5.43666137255308e-37,0.059326171875,83.5,1.0
2,In which city and country was Basil Mahfouz Al-Kuwaiti born?,"Basil Mahfouz Al-Kuwaiti was born in Kuwait City, Kuwait.","Basil Mahfouz Al-Kuwaiti was born in the beautiful city of Kuwait City, in the country of Kuwait.",-e-e-e-e-e-e-e-e-e-e-e-e-e-e-e-e-e-e-e-e-e-e-e-e-e-e-e-e-e-e-e-e-e-e-e-e-e-e-e-e-e-e-e-e-e-e-e-e-e-e-e-e-e-e-e-e-e-e-e-e-e-e-e-e-e-e-e-e-e-e-e-e-e-e-e-e-e-e-e-e-e-e-e-e-e-e-e-e-e-e-e-e-e-e-e-e-e-e-e-e-e-e-e-e-e-e-e-e-e-e-e-e-e-e-e-e-e-e-e-e-e-e-e-e-e-e-e-e-e-e-e-e-e-e-e-e-e-e-e-e-e-e-e-e-e-e-e-e-e-e-e-e-e-e-e-e-e-e-e-e-e-e-e-e-e-e-e-e-e-e-e-e-e-e-e-e-e-e-e-e-e-e-e-e-e-e-e-e-e-e-e-e-e-e-e-e-e-e-e-e,0.7142857142857143,0.0,0.8515625,3.3060778616876836e-37,0.1591796875,84.0,0.7142857142857143
3,Can you tell me about the occupations of Basil Mahfouz Al-Kuwaiti's parents?,Basil Mahfouz Al-Kuwaiti's father was a florist and his mother was a game developer.,"Basil Mahfouz Al-Kuwaiti's father was a well-respected doctor, and his mother was a distinguished military officer.",-e-e-e-e-e-e-e-e-e-e-e-e-e-e-e-e-e-e-e-e-e-e-e-e-e-e-e-e-e-e-e-e-e-e-e-e-e-e-e-e-e-e-e-e-e-e-e-e-e-e-e-e-e-e-e-e-e-e-e-e-e-e-e-e-e-e-e-e-e-e-e-e-e-e-e-e-e-e-e-e-e-e-e-e-e-e-e-e-e-e-e-e-e-e-e-e-e-e-e-e-e-e-e-e-e-e-e-e-e-e-e-e-e-e-e-e-e-e-e-e-e-e-e-e-e-e-e-e-e-e-e-e-e-e-e-e-e-e-e-e-e-e-e-e-e-e-e-e-e-e-e-e-e-e-e-e-e-e-e-e-e-e-e-e-e-e-e-e-e-e-e-e-e-e-e-e-e-e-e-e-e-e-e-e-e-e-e-e-e-e-e-e-e-e-e-e-e-e-e-e,0.742857142857143,0.0,0.57421875,1.2195753889781233e-37,0.5546875,85.0,0.742857142857143
4,What genre is author Basil Mahfouz Al-Kuwaiti most known for in his writing?,Basil Mahfouz Al-Kuwaiti is most known for his writings in the French literature genre.,Basil Mahfouz Al-Kuwaiti is most well-known for his contributions to the genre of literary fiction.,-e-e-e-e-e-e-e-e-e-e-e-e-e-e-e-e-e-e-e-e-e-e-e-e-e-e-e-e-e-e-e-e-e-e-e-e-e-e-e-e-e-e-e-e-e-e-e-e-e-e-e-e-e-e-e-e-e-e-e-e-e-e-e-e-e-e-e-e-e-e-e-e-e-e-e-e-e-e-e-e-e-e-e-e-e-e-e-e-e-e-e-e-e-e-e-e-e-e-e-e-e-e-e-e-e-e-e-e-e-e-e-e-e-e-e-e-e-e-e-e-e-e-e-e-e-e-e-e-e-e-e-e-e-e-e-e-e-e-e-e-e-e-e-e-e-e-e-e-e-e-e-e-e-e-e-e-e-e-e-e-e-e-e-e-e-e-e-e-e-e-e-e-e-e-e-e-e-e-e-e-e-e-e-e-e-e-e-e-e-e-e-e-e-e-e-e-e-e-e-e,0.6875,0.0,0.26953125,7.383573891102493e-38,1.3125,85.5,0.6875
5,Can you name two of the books written by Basil Mahfouz Al-Kuwaiti?,"Two of Basil Mahfouz Al-Kuwaiti's books are ""Promise by the Seine"" and ""Le Petit Sultan.""","Two books written by Basil Mahfouz Al-Kuwaiti are ""The Timekeeper's Heir"" and ""The Weaver's Wish"".",-e-e-e-e-e-e-e-e-e-e-e-e-e-e-e-e-e-e-e-e-e-e-e-e-e-e-e-e-e-e-e-e-e-e-e-e-e-e-e-e-e-e-e-e-e-e-e-e-e-e-e-e-e-e-e-e-e-e-e-e-e-e-e-e-e-e-e-e-e-e-e-e-e-e-e-e-e-e-e-e-e-e-e-e-e-e-e-e-e-e-e-e-e-e-e-e-e-e-e-e-e-e-e-e-e-e-e-e-e-e-e-e-e-e-e-e-e-e-e-e-e-e-e-e-e-e-e-e-e-e-e-e-e-e-e-e-e-e-e-e-e-e-e-e-e-e-e-e-e-e-e-e-e-e-e-e-e-e-e-e-e-e-e-e-e-e-e-e-e-e-e-e-e-e-e-e-e-e-e-e-e-e-e-e-e-e-e-e-e-e-e-e-e-e-e-e-e-e-e-e,0.45714285714285713,0.0,0.049072265625,3.3060778616876836e-37,3.015625,84.0,0.45714285714285713
6,What special recognition or awards has Basil Mahfouz Al-Kuwaiti received for his writing?,"Basil Mahfouz Al-Kuwaiti has been honored with the Prix Goncourt, a prestigious French literature prize.","Basil Mahfouz Al-Kuwaiti has been awarded the fictitious ""International Penman Award for Outstanding Contribution to the Genre of Literary Fiction.""",-e-e-e-e-e-e-e-e-e-e-e-e-e-e-e-e-e-e-e-e-e-e-e-e-e-e-e-e-e-e-e-e-e-e-e-e-e-e-e-e-e-e-e-e-e-e-e-e-e-e-e-e-e-e-e-e-e-e-e-e-e-e-e-e-e-e-e-e-e-e-e-e-e-e-e-e-e-e-e-e-e-e-e-e-e-e-e-e-e-e-e-e-e-e-e-e-e-e-e-e-e-e-e-e-e-e-e-e-e-e-e-e-e-e-e-e-e-e-e-e-e-e-e-e-e-e-e-e-e-e-e-e-e-e-e-e-e-e-e-e-e-e-e-e-e-e-e-e-e-e-e-e-e-e-e-e-e-e-e-e-e-e-e-e-e-e-e-e-e-e-e-e-e-e-e-e-e-e-e-e-e-e-e-e-e-e-e-e-e-e-e-e-e-e-e-e-e-e-e-e,0.37837837837837834,0.0,0.2158203125,1.2195753889781233e-37,1.53125,85.0,0.37837837837837834
7,How do Basil Mahfouz Al-Kuwaiti's books align with his French literature genre?,"Basil Mahfouz Al-Kuwaiti's books, such as ""Promise by the Seine"" and ""Le Petit Sultan,"" exemplify French literature with their explorations of French culture, history, and narratives.","Basil Mahfouz Al-Kuwaiti's books predominantly fall under the French Literature genre as they heavily incorporate elements of French literary traditions, style, and themes.",-e-e-e-e-e-e-e-e-e-e-e-e-e-e-e-e-e-e-e-e-e-e-e-e-e-e-e-e-e-e-e-e-e-e-e-e-e-e-e-e-e-e-e-e-e-e-e-e-e-e-e-e-e-e-e-e-e-e-e-e-e-e-e-e-e-e-e-e-e-e-e-e-e-e-e-e-e-e-e-e-e-e-e-e-e-e-e-e-e-e-e-e-e-e-e-e-e-e-e-e-e-e-e-e-e-e-e-e-e-e-e-e-e-e-e-e-e-e-e-e-e-e-e-e-e-e-e-e-e-e-e-e-e-e-e-e-e-e-e-e-e-e-e-e-e-e-e-e-e-e-e-e-e-e-e-e-e-e-e-e-e-e-e-e-e-e-e-e-e-e-e-e-e-e-e-e-e-e-e-e-e-e-e-e-e-e-e-e-e-e-e-e-e-e-e-e-e-e-e-e,0.4528301886792452,0.0,0.049072265625,7.383573891102493e-38,3.015625,85.5,0.4528301886792452
8,What influence did Basil Mahfouz Al-Kuwaiti's parents' vocations have on his life and writing?,"Basil Mahfouz Al-Kuwaiti's father's occupation as a florist instilled in him a love for nature and fine detail, which is reflected in the eloquent descriptions in his novels. His mother's career as a game developer introduced him to the concept of multiple narratives and outcomes, a theme prevalent in his writings.","The vocations of his parents greatly influenced Basil Mahfouz Al-Kuwaiti. His father's work as an Oil Engineer instilled in him a respect for knowledge, precision, and structure, which are evident in his meticulously researched biographies. On the other hand, his mother's profession as a Psychiatrist exposed him to the complexities of human psychology, a theme frequently discussed in his works.",-e-e-e-e-e-e-e-e-e-e-e-e-e-e-e-e-e-e-e-e-e-e-e-e-e-e-e-e-e-e-e-e-e-e-e-e-e-e-e-e-e-e-e-e-e-e-e-e-e-e-e-e-e-e-e-e-e-e-e-e-e-e-e-e-e-e-e-e-e-e-e-e-e-e-e-e-e-e-e-e-e-e-e-e-e-e-e-e-e-e-e-e-e-e-e-e-e-e-e-e-e-e-e-e-e-e-e-e-e-e-e-e-e-e-e-e-e-e-e-e-e-e-e-e-e-e-e-e-e-e-e-e-e-e-e-e-e-e-e-e-e-e-e-e-e-e-e-e-e-e-e-e-e-e-e-e-e-e-e-e-e-e-e-e-e-e-e-e-e-e-e-e-e-e-e-e-e-e-e-e-e-e-e-e-e-e-e-e-e-e-e-e-e-e-e-e-e-e-e-e,0.4915254237288135,0.0,0.173828125,4.481572212509971e-38,1.75,86.0,0.4915254237288135
9,How does Basil Mahfouz Al-Kuwaiti incorporate his native Kuwait into his French-focused writings?,"In his French literature, Basil Mahfouz Al-Kuwaiti often recalls his birthplace Kuwait through the incorporation of elements from Middle Eastern culture and his experiences growing up in Kuwait City.","Basil Mahfouz Al-Kuwaiti often features landmarks, cultural nuances, and historical events from Kuwait City and surrounding areas in his writings, thereby connecting with his roots while maintaining an audience across international borders.",-e-e-e-e-e-e-e-e-e-e-e-e-e-e-e-e-e-e-e-e-e-e-e-e-e-e-e-e-e-e-e-e-e-e-e-e-e-e-e-e-e-e-e-e-e-e-e-e-e-e-e-e-e-e-e-e-e-e-e-e-e-e-e-e-e-e-e-e-e-e-e-e-e-e-e-e-e-e-e-e-e-e-e-e-e-e-e-e-e-e-e-e-e-e-e-e-e-e-e-e-e-e-e-e-e-e-e-e-e-e-e-e-e-e-e-e-e-e-e-e-e-e-e-e-e-e-e-e-e-e-e-e-e-e-e-e-e-e-e-e-e-e-e-e-e-e-e-e-e-e-e-e-e-e-e-e-e-e-e-e-e-e-e-e-e-e-e-e-e-e-e-e-e-e-e-e-e-e-e-e-e-e-e-e-e-e-e-e-e-e-e-e-e-e-e-e-e-e-e-e,0.28571428571428564,0.0,0.091796875,1.2195753889781233e-37,2.390625,85.0,0.28571428571428564
10,In which period did Basil Mahfouz Al-Kuwaiti begin his writing career?,"Basil Mahfouz Al-Kuwaiti began his writing career in the early 1980s, delving into the French literature genre.",Basil Mahfouz Al-Kuwaiti began his writing career in the mid-1970s.,-e-e-e-e-e-e-e-e-e-e-e-e-e-e-e-e-e-e-e-e-e-e-e-e-e-e-e-e-e-e-e-e-e-e-e-e-e-e-e-e-e-e-e-e-e-e-e-e-e-e-e-e-e-e-e-e-e-e-e-e-e-e-e-e-e-e-e-e-e-e-e-e-e-e-e-e-e-e-e-e-e-e-e-e-e-e-e-e-e-e-e-e-e-e-e-e-e-e-e-e-e-e-e-e-e-e-e-e-e-e-e-e-e-e-e-e-e-e-e-e-e-e-e-e-e-e-e-e-e-e-e-e-e-e-e-e-e-e-e-e-e-e-e-e-e-e-e-e-e-e-e-e-e-e-e-e-e-e-e-e-e-e-e-e-e-e-e-e-e-e-e-e-e-e-e-e-e-e-e-e-e-e-e-e-e-e-e-e-e-e-e-e-e-e-e-e-e-e-e-e,0.6666666666666667,0.0,0.1640625,7.383573891102493e-38,1.8046875,85.5,0.6666666666666667
11,What are some notable characteristics of Basil Mahfouz Al-Kuwaiti's writing style?,"Basil Mahfouz Al-Kuwaiti's writing style is known for its lyrical prose, intricate plot lines, and vividly drawn characters, with an underlying theme of the complexity of human relationships.","Basil Mahfouz Al-Kuwaiti's writing style is noted for its rich, detailed narratives, intricate plot structures, and deep psychological insights.",-e-e-e-e-e-e-e-e-e-e-e-e-e-e-e-e-e-e-e-e-e-e-e-e-e-e-e-e-e-e-e-e-e-e-e-e-e-e-e-e-e-e-e-e-e-e-e-e-e-e-e-e-e-e-e-e-e-e-e-e-e-e-e-e-e-e-e-e-e-e-e-e-e-e-e-e-e-e-e-e-e-e-e-e-e-e-e-e-e-e-e-e-e-e-e-e-e-e-e-e-e-e-e-e-e-e-e-e-e-e-e-e-e-e-e-e-e-e-e-e-e-e-e-e-e-e-e-e-e-e-e-e-e-e-e-e-e-e-e-e-e-e-e-e-e-e-e-e-e-e-e-e-e-e-e-e-e-e-e-e-e-e-e-e-e-e-e-e-e-e-e-e-e-e-e-e-e-e-e-e-e-e-e-e-e-e-e-e-e-e-e-e-e-e-e-e-e-e-e-e,0.5098039215686274,0.0,0.1611328125,7.383573891102493e-38,1.828125,85.5,0.5098039215686274
12,"What elements in ""Promise by the Seine,"" one of Basil Mahfouz Al-Kuwaiti's books, typify his writing style?","""Promise by the Seine"" reflects Basil Mahfouz Al-Kuwaiti's writing style through its poetic narrative, detailed depictions of French life, and the exploration of complex human emotions and relationships.","""Promise by the Seine"" by Basil Mahfouz Al-Kuwaiti showcases his ability to weave intricate narratives, focusing on character development and exploring the human spirit against the backdrop of a historical setting.",-e-e-e-e-e-e-e-e-e-e-e-e-e-e-e-e-e-e-e-e-e-e-e-e-e-e-e-e-e-e-e-e-e-e-e-e-e-e-e-e-e-e-e-e-e-e-e-e-e-e-e-e-e-e-e-e-e-e-e-e-e-e-e-e-e-e-e-e-e-e-e-e-e-e-e-e-e-e-e-e-e-e-e-e-e-e-e-e-e-e-e-e-e-e-e-e-e-e-e-e-e-e-e-e-e-e-e-e-e-e-e-e-e-e-e-e-e-e-e-e-e-e-e-e-e-e-e-e-e-e-e-e-e-e-e-e-e-e-e-e-e-e-e-e-e-e-e-e-e-e-e-e-e-e-e-e-e-e-e-e-e-e-e-e-e-e-e-e-e-e-e-e-e-e-e-e-e-e-e-e-e-e-e-e-e-e-e-e-e-e-e-e-e-e-e-e-e-e-e-e,0.38709677419354843,0.0,0.1640625,1.2195753889781233e-37,1.8046875,85.0,0.38709677419354843
13,"Regarding ""Le Petit Sultan,"" how does Basil Mahfouz Al-Kuwaiti combine his Middle Eastern roots with his focus on French literature?","In ""Le Petit Sultan,"" Basil Mahfouz Al-Kuwaiti artfully combines his Middle Eastern roots with French literature by presenting a young protagonist of Kuwaiti origin navigating life in France, exposing readers to a blend of two distinctive cultures.","Basil Mahfouz Al-Kuwaiti cleverly uses his Middle Eastern background to add cultural depth to his French literature, making ""Le Petit Sultan"" a unique blend of the two.",-e-e-e-e-e-e-e-e-e-e-e-e-e-e-e-e-e-e-e-e-e-e-e-e-e-e-e-e-e-e-e-e-e-e-e-e-e-e-e-e-e-e-e-e-e-e-e-e-e-e-e-e-e-e-e-e-e-e-e-e-e-e-e-e-e-e-e-e-e-e-e-e-e-e-e-e-e-e-e-e-e-e-e-e-e-e-e-e-e-e-e-e-e-e-e-e-e-e-e-e-e-e-e-e-e-e-e-e-e-e-e-e-e-e-e-e-e-e-e-e-e-e-e-e-e-e-e-e-e-e-e-e-e-e-e-e-e-e-e-e-e-e-e-e-e-e-e-e-e-e-e-e-e-e-e-e-e-e-e-e-e-e-e-e-e-e-e-e-e-e-e-e-e-e-e-e-e-e-e-e-e-e-e-e-e-e-e-e-e-e-e-e-e-e-e-e-e-e-e-e,0.3939393939393939,0.0,0.12109375,1.9983403963978888e-37,2.109375,84.5,0.3939393939393939
14,How has Basil Mahfouz Al-Kuwaiti's background and upbringing influenced his approach to writing French literature?,"Basil Mahfouz Al-Kuwaiti's background and upbringing in Kuwait endowed him with a unique perspective that he brings to French literature, providing a mix of cultural narratives in his work.","Basil's Kuwaiti background and upbringing have offered him a unique perspective on French literature, allowing him to draw parallels between ancient French literary traditions and modern-day French writing styles, thus adding a distinctive Kuwaiti voice to his interpretations.",-e-e-e-e-e-e-e-e-e-e-e-e-e-e-e-e-e-e-e-e-e-e-e-e-e-e-e-e-e-e-e-e-e-e-e-e-e-e-e-e-e-e-e-e-e-e-e-e-e-e-e-e-e-e-e-e-e-e-e-e-e-e-e-e-e-e-e-e-e-e-e-e-e-e-e-e-e-e-e-e-e-e-e-e-e-e-e-e-e-e-e-e-e-e-e-e-e-e-e-e-e-e-e-e-e-e-e-e-e-e-e-e-e-e-e-e-e-e-e-e-e-e-e-e-e-e-e-e-e-e-e-e-e-e-e-e-e-e-e-e-e-e-e-e-e-e-e-e-e-e-e-e-e-e-e-e-e-e-e-e-e-e-e-e-e-e-e-e-e-e-e-e-e-e-e-e-e-e-e-e-e-e-e-e-e-e-e-e-e-e-e-e-e-e-e-e-e-e-e-e,0.36619718309859156,0.0,0.055419921875,4.481572212509971e-38,2.890625,86.0,0.36619718309859156
15,Can you provide an insight into Basil Mahfouz Al-Kuwaiti's writing process?,"Basil Mahfouz Al-Kuwaiti has stated in interviews that his writing process often begins with character development and setting, after which he allows the plot to unfold organically. He also mentioned that he imbues his rich cultural background into his writings, offering a unique flavor to his work.","Basil Mahfouz Al-Kuwaiti often draws inspiration from his personal experiences and the rich cultural background of Kuwait City. He spends significant time researching and preparing for his novels, often visiting historical sites and interviewing locals to accurately portray his settings and characters.",-e-e-e-e-e-e-e-e-e-e-e-e-e-e-e-e-e-e-e-e-e-e-e-e-e-e-e-e-e-e-e-e-e-e-e-e-e-e-e-e-e-e-e-e-e-e-e-e-e-e-e-e-e-e-e-e-e-e-e-e-e-e-e-e-e-e-e-e-e-e-e-e-e-e-e-e-e-e-e-e-e-e-e-e-e-e-e-e-e-e-e-e-e-e-e-e-e-e-e-e-e-e-e-e-e-e-e-e-e-e-e-e-e-e-e-e-e-e-e-e-e-e-e-e-e-e-e-e-e-e-e-e-e-e-e-e-e-e-e-e-e-e-e-e-e-e-e-e-e-e-e-e-e-e-e-e-e-e-e-e-e-e-e-e-e-e-e-e-e-e-e-e-e-e-e-e-e-e-e-e-e-e-e-e-e-e-e-e-e-e-e-e-e-e-e-e-e-e-e-e,0.2857142857142857,0.0,0.10888671875,7.383573891102493e-38,2.21875,85.5,0.2857142857142857
16,What impact has Basil Mahfouz Al-Kuwaiti's work had on French literature?,Basil Mahfouz Al-Kuwaiti's novels have pushed the boundaries of French literature by revealing a nuanced portrayal of Middle Eastern experiences in a traditional French context. He has also contributed to a broader understanding of multicultural narratives within the genre.,"Basil Mahfouz Al-Kuwaiti's work has significantly influenced French literature, particularly in the domain of magical realism. His unique blend of Kuwaiti culture and French literary traditions has opened new avenues for storytelling in the genre.",-e-e-e-e-e-e-e-e-e-e-e-e-e-e-e-e-e-e-e-e-e-e-e-e-e-e-e-e-e-e-e-e-e-e-e-e-e-e-e-e-e-e-e-e-e-e-e-e-e-e-e-e-e-e-e-e-e-e-e-e-e-e-e-e-e-e-e-e-e-e-e-e-e-e-e-e-e-e-e-e-e-e-e-e-e-e-e-e-e-e-e-e-e-e-e-e-e-e-e-e-e-e-e-e-e-e-e-e-e-e-e-e-e-e-e-e-e-e-e-e-e-e-e-e-e-e-e-e-e-e-e-e-e-e-e-e-e-e-e-e-e-e-e-e-e-e-e-e-e-e-e-e-e-e-e-e-e-e-e-e-e-e-e-e-e-e-e-e-e-e-e-e-e-e-e-e-e-e-e-e-e-e-e-e-e-e-e-e-e-e-e-e-e-e-e-e-e-e-e-e,0.30769230769230765,0.0,0.0859375,4.481572212509971e-38,2.453125,86.0,0.30769230769230765
17,"Through Basil Mahfouz Al-Kuwaiti's novels, what is the main message he conveys to his readers?","Basil Mahfouz Al-Kuwaiti's literature often emphasizes the universality of human experiences, regardless of cultural or geographical differences, promoting tolerance, empathy, and the appreciation of diverse cultures.","Through his rich and detailed narratives, Basil Mahfouz Al-Kuwaiti's novels convey a multitude of messages, but primarily, they emphasize the importance of resilience, the transcendental power of love, and the unyielding spirit of the Kuwaiti people.",-e-e-e-e-e-e-e-e-e-e-e-e-e-e-e-e-e-e-e-e-e-e-e-e-e-e-e-e-e-e-e-e-e-e-e-e-e-e-e-e-e-e-e-e-e-e-e-e-e-e-e-e-e-e-e-e-e-e-e-e-e-e-e-e-e-e-e-e-e-e-e-e-e-e-e-e-e-e-e-e-e-e-e-e-e-e-e-e-e-e-e-e-e-e-e-e-e-e-e-e-e-e-e-e-e-e-e-e-e-e-e-e-e-e-e-e-e-e-e-e-e-e-e-e-e-e-e-e-e-e-e-e-e-e-e-e-e-e-e-e-e-e-e-e-e-e-e-e-e-e-e-e-e-e-e-e-e-e-e-e-e-e-e-e-e-e-e-e-e-e-e-e-e-e-e-e-e-e-e-e-e-e-e-e-e-e-e-e-e-e-e-e-e-e-e-e-e-e-e-e,0.36363636363636365,0.0,0.11767578125,1.2195753889781233e-37,2.140625,85.0,0.36363636363636365
18,"Has Basil Mahfouz Al-Kuwaiti written any other books besides ""Promise by the Seine"" and ""Le Petit Sultan""?","Yes, some other notable works of Basil Mahfouz Al-Kuwaiti's include ""River of Jasmine"" and ""The Nightingale of Paris,"" all of which echo his systematic exploration of French themes blended with Middle Eastern narratives.","Yes, Basil Mahfouz Al-Kuwaiti has also authored ""The Call of the Dunes"" and ""Sultan's Solitude"", adding to his rich collection of literary works.",-e-e-e-e-e-e-e-e-e-e-e-e-e-e-e-e-e-e-e-e-e-e-e-e-e-e-e-e-e-e-e-e-e-e-e-e-e-e-e-e-e-e-e-e-e-e-e-e-e-e-e-e-e-e-e-e-e-e-e-e-e-e-e-e-e-e-e-e-e-e-e-e-e-e-e-e-e-e-e-e-e-e-e-e-e-e-e-e-e-e-e-e-e-e-e-e-e-e-e-e-e-e-e-e-e-e-e-e-e-e-e-e-e-e-e-e-e-e-e-e-e-e-e-e-e-e-e-e-e-e-e-e-e-e-e-e-e-e-e-e-e-e-e-e-e-e-e-e-e-e-e-e-e-e-e-e-e-e-e-e-e-e-e-e-e-e-e-e-e-e-e-e-e-e-e-e-e-e-e-e-e-e-e-e-e-e-e-e-e-e-e-e-e-e-e-e-e-e-e-e,0.3,0.0,0.05224609375,3.3060778616876836e-37,2.953125,84.0,0.3
19,What motivates Basil Mahfouz Al-Kuwaiti to continue writing in the French literature genre?,"Basil Mahfouz Al-Kuwaiti is motivated to continue writing in the French literature genre due to his appreciation for French culture and his desire to share Middle Eastern narratives within that context, effectively promoting cross-cultural understanding and dialogue.","Basil Mahfouz Al-Kuwaiti is motivated to continue writing in the French literature genre due to his passion for exploring human emotions and experiences through different perspectives, and because he believes that understanding and appreciating different cultures and languages through literature is essential for global understanding.",-e-e-e-e-e-e-e-e-e-e-e-e-e-e-e-e-e-e-e-e-e-e-e-e-e-e-e-e-e-e-e-e-e-e-e-e-e-e-e-e-e-e-e-e-e-e-e-e-e-e-e-e-e-e-e-e-e-e-e-e-e-e-e-e-e-e-e-e-e-e-e-e-e-e-e-e-e-e-e-e-e-e-e-e-e-e-e-e-e-e-e-e-e-e-e-e-e-e-e-e-e-e-e-e-e-e-e-e-e-e-e-e-e-e-e-e-e-e-e-e-e-e-e-e-e-e-e-e-e-e-e-e-e-e-e-e-e-e-e-e-e-e-e-e-e-e-e-e-e-e-e-e-e-e-e-e-e-e-e-e-e-e-e-e-e-e-e-e-e-e-e-e-e-e-e-e-e-e-e-e-e-e-e-e-e-e-e-e-e-e-e-e-e-e-e-e-e-e-e-e,0.5176470588235293,0.0,0.203125,7.383573891102493e-38,1.59375,85.5,0.5176470588235293
20,"Who is the notable author born in Astana, Kazakhstan on the 7th of February, 1952?","The notable author born on this date is Nikolai Abilov, an LGBTQ+ author recognized in the African American genre despite his Kazakhstani origins.","The notable author born in Astana, Kazakhstan on the 7th of February, 1952 is Kairat Kosmin.",", and, and,,,,,,,,,,,,,,,,,,,,,,,,,,,,,,,,,,,,,,,,,,,,,,,,,,,,,,,,,,,,,,,,,,,,,,,,,,,,,,,,,,,,,,,,,,,,,,,,,,,,,,,,,,,,,,,,,,,,,,,,,,,,,,,,,,,,,,,,,,,,,,,,,,,,,,,,,,,,,,,,,,,,,,,,,,,,,,,,,,.,,,,,,,.,,,,,,,.,",0.30769230769230765,0.0,0.01611328125,1.166324663699769e-22,4.125,50.5,0.30769230769230765
21,What is the background of Nikolai Abilov's parents?,"Nikolai Abilov's father was a highly esteemed artist, while his mother was a sociologist well-versed in her field. Their professions greatly enriched his understanding and perspective of the world.","Nikolai Abilov's father was a well-known makeup artist, and his mother was a dedicated astronomer.",-e-e-e-e-e-e-e-e-e-e-e-e-e-e-e-e-e-e-e-e-e-e-e-e-e-e-e-e-e-e-e-e-e-e-e-e-e-e-e-e-e-e-e-e-e-e-e-e-e-e-e-e-e-e-e-e-e-e-e-e-e-e-e-e-e-e-e-e-e-e-e-e-e-e-e-e-e-e-e-e-e-e-e-e-e-e-e-e-e-e-e-e-e-e-e-e-e-e-e-e-e-e-e-e-e-e-e-e-e-e-e-e-e-e-e-e-e-e-e-e-e-e-e-e-e-e-e-e-e-e-e-e-e-e-e-e-e-e-e-e-e-e-e-e-e-e-e-e-e-e-e-e-e-e-e-e-e-e-e-e-e-e-e-e-e-e-e-e-e-e-e-e-e-e-e-e-e-e-e-e-e-e-e-e-e-e-e-e-e-e-e-e-e-e-e-e-e-e-e-e,0.4583333333333333,0.0,0.10205078125,1.2195753889781233e-37,2.28125,85.0,0.4583333333333333
22,How have Nikolai Abilov's parents' professions influenced his writing?,"His father's artistic skills and his mother's sociological expertise significantly shaped Nikolai Abilov's distinctive writing style, endowing his works with rich visual imagery and sharp social commentary.","His father's profession as a veterinarian exposed Nikolai to the realities of life and death, which he often incorporates into his narratives. His mother's profession as a hairdresser gave him a deep appreciation of aesthetics and detail, which is evident in the intricate designs and patterns in his books.",-e-e-e-e-e-e-e-e-e-e-e-e-e-e-e-e-e-e-e-e-e-e-e-e-e-e-e-e-e-e-e-e-e-e-e-e-e-e-e-e-e-e-e-e-e-e-e-e-e-e-e-e-e-e-e-e-e-e-e-e-e-e-e-e-e-e-e-e-e-e-e-e-e-e-e-e-e-e-e-e-e-e-e-e-e-e-e-e-e-e-e-e-e-e-e-e-e-e-e-e-e-e-e-e-e-e-e-e-e-e-e-e-e-e-e-e-e-e-e-e-e-e-e-e-e-e-e-e-e-e-e-e-e-e-e-e-e-e-e-e-e-e-e-e-e-e-e-e-e-e-e-e-e-e-e-e-e-e-e-e-e-e-e-e-e-e-e-e-e-e-e-e-e-e-e-e-e-e-e-e-e-e-e-e-e-e-e-e-e-e-e-e-e-e-e-e-e-e-e-e,0.19753086419753085,0.0,0.078125,3.3060778616876836e-37,2.546875,84.0,0.19753086419753085
23,How does Nikolai Abilov identify in terms of his gender?,"Nikolai Abilov identifies as LGBTQ+. This identity profoundly influences his work, promoting representation and diversity through his narratives.","Nikolai Abilov identifies as LGBTQ+, striving to bring representation to this marginalized community through his works and personal influence.",-e-e-e-e-e-e-e-e-e-e-e-e-e-e-e-e-e-e-e-e-e-e-e-e-e-e-e-e-e-e-e-e-e-e-e-e-e-e-e-e-e-e-e-e-e-e-e-e-e-e-e-e-e-e-e-e-e-e-e-e-e-e-e-e-e-e-e-e-e-e-e-e-e-e-e-e-e-e-e-e-e-e-e-e-e-e-e-e-e-e-e-e-e-e-e-e-e-e-e-e-e-e-e-e-e-e-e-e-e-e-e-e-e-e-e-e-e-e-e-e-e-e-e-e-e-e-e-e-e-e-e-e-e-e-e-e-e-e-e-e-e-e-e-e-e-e-e-e-e-e-e-e-e-e-e-e-e-e-e-e-e-e-e-e-e-e-e-e-e-e-e-e-e-e-e-e-e-e-e-e-e-e-e-e-e-e-e-e-e-e-e-e-e-e-e-e-e-e-e-e,0.4864864864864865,0.0,0.181640625,3.3060778616876836e-37,1.703125,84.0,0.4864864864864865
24,Which awards has Nikolai Abilov won for his contribution to literature?,"Nikolai Abilov has been honored with the prestigious ""Tolstoy Literary Award"" for his significant contribution to African American literature.",Nikolai Abilov has been awarded the prestigious Pen/Faulkner Award for his contribution to fiction literature.,-e-e-e-e-e-e-e-e-e-e-e-e-e-e-e-e-e-e-e-e-e-e-e-e-e-e-e-e-e-e-e-e-e-e-e-e-e-e-e-e-e-e-e-e-e-e-e-e-e-e-e-e-e-e-e-e-e-e-e-e-e-e-e-e-e-e-e-e-e-e-e-e-e-e-e-e-e-e-e-e-e-e-e-e-e-e-e-e-e-e-e-e-e-e-e-e-e-e-e-e-e-e-e-e-e-e-e-e-e-e-e-e-e-e-e-e-e-e-e-e-e-e-e-e-e-e-e-e-e-e-e-e-e-e-e-e-e-e-e-e-e-e-e-e-e-e-e-e-e-e-e-e-e-e-e-e-e-e-e-e-e-e-e-e-e-e-e-e-e-e-e-e-e-e-e-e-e-e-e-e-e-e-e-e-e-e-e-e-e-e-e-e-e-e-e-e-e-e-e-e,0.6857142857142857,0.0,0.1748046875,1.9983403963978888e-37,1.7421875,84.5,0.6857142857142857
25,What specific genre is Nikolai Abilov known for?,"Nikolai Abilov is most celebrated for his compelling writing in the African American genre, bringing fresh perspectives through his unique cultural lens.",Nikolai Abilov is renowned in the genre of humor.,-e-e-e-e-e-e-e-e-e-e-e-e-e-e-e-e-e-e-e-e-e-e-e-e-e-e-e-e-e-e-e-e-e-e-e-e-e-e-e-e-e-e-e-e-e-e-e-e-e-e-e-e-e-e-e-e-e-e-e-e-e-e-e-e-e-e-e-e-e-e-e-e-e-e-e-e-e-e-e-e-e-e-e-e-e-e-e-e-e-e-e-e-e-e-e-e-e-e-e-e-e-e-e-e-e-e-e-e-e-e-e-e-e-e-e-e-e-e-e-e-e-e-e-e-e-e-e-e-e-e-e-e-e-e-e-e-e-e-e-e-e-e-e-e-e-e-e-e-e-e-e-e-e-e-e-e-e-e-e-e-e-e-e-e-e-e-e-e-e-e-e-e-e-e-e-e-e-e-e-e-e-e-e-e-e-e-e-e-e-e-e-e-e-e-e-e-e-e-e-e,0.3870967741935484,0.0,0.0311279296875,7.383573891102493e-38,3.46875,85.5,0.3870967741935484
26,Can you name some of Nikolai Abilov's renowned books?,"Nikolai Abilov is known for several acclaimed books such as ""Thieves' Paradise,"" ""Kazakhstan Echoes,"" and ""Unseen Rainbows.""","Some of Nikolai Abilov's most acclaimed works include 'The Barber's Relic', 'The Chef's Heir', and 'The Musician's Mystery'.",-e-e-e-e-e-e-e-e-e-e-e-e-e-e-e-e-e-e-e-e-e-e-e-e-e-e-e-e-e-e-e-e-e-e-e-e-e-e-e-e-e-e-e-e-e-e-e-e-e-e-e-e-e-e-e-e-e-e-e-e-e-e-e-e-e-e-e-e-e-e-e-e-e-e-e-e-e-e-e-e-e-e-e-e-e-e-e-e-e-e-e-e-e-e-e-e-e-e-e-e-e-e-e-e-e-e-e-e-e-e-e-e-e-e-e-e-e-e-e-e-e-e-e-e-e-e-e-e-e-e-e-e-e-e-e-e-e-e-e-e-e-e-e-e-e-e-e-e-e-e-e-e-e-e-e-e-e-e-e-e-e-e-e-e-e-e-e-e-e-e-e-e-e-e-e-e-e-e-e-e-e-e-e-e-e-e-e-e-e-e-e-e-e-e-e-e-e-e-e-e,0.20512820512820512,0.0,0.11572265625,3.3060778616876836e-37,2.15625,84.0,0.20512820512820512
27,"How does the book ""Thieves' Paradise"" exhibit Nikolai Abilov's distinctive writing style?","""Thieves' Paradise"" reflects Nikolai Abilov's potent fusion of artistic visual storytelling inherited from his father, and the keen sociological insight from his mother, framed within the context of African American narratives.","In ""Thieves' Paradise,"" Nikolai Abilov's distinctive writing style is evident in his vivid characterizations, intricate plotting, and the detailed description of the world of thieves. The narrative flows smoothly, keeping the reader engaged till the end.",-e-e-e-e-e-e-e-e-e-e-e-e-e-e-e-e-e-e-e-e-e-e-e-e-e-e-e-e-e-e-e-e-e-e-e-e-e-e-e-e-e-e-e-e-e-e-e-e-e-e-e-e-e-e-e-e-e-e-e-e-e-e-e-e-e-e-e-e-e-e-e-e-e-e-e-e-e-e-e-e-e-e-e-e-e-e-e-e-e-e-e-e-e-e-e-e-e-e-e-e-e-e-e-e-e-e-e-e-e-e-e-e-e-e-e-e-e-e-e-e-e-e-e-e-e-e-e-e-e-e-e-e-e-e-e-e-e-e-e-e-e-e-e-e-e-e-e-e-e-e-e-e-e-e-e-e-e-e-e-e-e-e-e-e-e-e-e-e-e-e-e-e-e-e-e-e-e-e-e-e-e-e-e-e-e-e-e-e-e-e-e-e-e-e-e-e-e-e-e-e,0.3188405797101449,0.0,0.038818359375,1.9983403963978888e-37,3.25,84.5,0.3188405797101449
28,How did Nikolai Abilov's birthplace influence his writing?,"Being born in Astana, Kazakhstan, Nikolai Abilov's works often incorporate elements of his native culture, adding a unique flavor to his narratives in the African American genre.","Born and raised in Kiev, Ukraine, the cultural richness and history of the city have significantly influenced Nikolai Abilov's writing, appearing as metaphors, backdrops, or themes in his animal tales.",-e-e-e-e-e-e-e-e-e-e-e-e-e-e-e-e-e-e-e-e-e-e-e-e-e-e-e-e-e-e-e-e-e-e-e-e-e-e-e-e-e-e-e-e-e-e-e-e-e-e-e-e-e-e-e-e-e-e-e-e-e-e-e-e-e-e-e-e-e-e-e-e-e-e-e-e-e-e-e-e-e-e-e-e-e-e-e-e-e-e-e-e-e-e-e-e-e-e-e-e-e-e-e-e-e-e-e-e-e-e-e-e-e-e-e-e-e-e-e-e-e-e-e-e-e-e-e-e-e-e-e-e-e-e-e-e-e-e-e-e-e-e-e-e-e-e-e-e-e-e-e-e-e-e-e-e-e-e-e-e-e-e-e-e-e-e-e-e-e-e-e-e-e-e-e-e-e-e-e-e-e-e-e-e-e-e-e-e-e-e-e-e-e-e-e-e-e-e-e-e,0.20338983050847456,0.0,0.10546875,7.383573891102493e-38,2.25,85.5,0.20338983050847456
29,"Why does Nikolai Abilov write in the African American genre, despite his Kazakhstani heritage?","Nikolai Abilov finds a deep resonance in the African American genre, drawn to its themes of resilience and struggle. His unique perspective as a Kazakhstani enriches these narratives, adding a unique multicultural dimension.","As a Kazakhstani author, Nikolai Abilov naturally identifies with his homeland's rich literary tradition. His exploration of the African American genre allows him to connect with readers worldwide while staying true to his roots.",-e-e-e-e-e-e-e-e-e-e-e-e-e-e-e-e-e-e-e-e-e-e-e-e-e-e-e-e-e-e-e-e-e-e-e-e-e-e-e-e-e-e-e-e-e-e-e-e-e-e-e-e-e-e-e-e-e-e-e-e-e-e-e-e-e-e-e-e-e-e-e-e-e-e-e-e-e-e-e-e-e-e-e-e-e-e-e-e-e-e-e-e-e-e-e-e-e-e-e-e-e-e-e-e-e-e-e-e-e-e-e-e-e-e-e-e-e-e-e-e-e-e-e-e-e-e-e-e-e-e-e-e-e-e-e-e-e-e-e-e-e-e-e-e-e-e-e-e-e-e-e-e-e-e-e-e-e-e-e-e-e-e-e-e-e-e-e-e-e-e-e-e-e-e-e-e-e-e-e-e-e-e-e-e-e-e-e-e-e-e-e-e-e-e-e-e-e-e-e-e,0.23529411764705885,0.0,0.12890625,1.2195753889781233e-37,2.046875,85.0,0.23529411764705885
30,"What inspired Nikolai Abilov's award-winning book ""Kazakhstan Echoes""?","""Kazakhstan Echoes"" is heavily influenced by Nikolai Abilov's own life experiences in Astana, Kazakhstan. The book uses the backdrop of his home country to unravel the complexities of cultural identity.","""Nikolai Abilov's award-winning book 'Kazakhstan Echoes' was inspired by his fascination with the country's rich cultural history and the unique experiences of its people, particularly in the context of the post-Soviet era.""",-e-e-e-e-e-e-e-e-e-e-e-e-e-e-e-e-e-e-e-e-e-e-e-e-e-e-e-e-e-e-e-e-e-e-e-e-e-e-e-e-e-e-e-e-e-e-e-e-e-e-e-e-e-e-e-e-e-e-e-e-e-e-e-e-e-e-e-e-e-e-e-e-e-e-e-e-e-e-e-e-e-e-e-e-e-e-e-e-e-e-e-e-e-e-e-e-e-e-e-e-e-e-e-e-e-e-e-e-e-e-e-e-e-e-e-e-e-e-e-e-e-e-e-e-e-e-e-e-e-e-e-e-e-e-e-e-e-e-e-e-e-e-e-e-e-e-e-e-e-e-e-e-e-e-e-e-e-e-e-e-e-e-e-e-e-e-e-e-e-e-e-e-e-e-e-e-e-e-e-e-e-e-e-e-e-e-e-e-e-e-e-e-e-e-e-e-e-e-e-e,0.2686567164179105,0.0,0.1328125,1.9983403963978888e-37,2.015625,84.5,0.2686567164179105
31,What is one way in which Nikolai Abilov's LGBTQ+ identity has influenced his work?,"Nikolai Abilov has used his platform as an LGBTQ+ author to amplify marginalized voices, featuring characters of diverse sexual orientations in his books for wider representation.",Nikolai Abilov's LGBTQ+ identity has influenced his work by offering unique perspectives and experiences that were not previously represented in the genre of animal literature.,-e-e-e-e-e-e-e-e-e-e-e-e-e-e-e-e-e-e-e-e-e-e-e-e-e-e-e-e-e-e-e-e-e-e-e-e-e-e-e-e-e-e-e-e-e-e-e-e-e-e-e-e-e-e-e-e-e-e-e-e-e-e-e-e-e-e-e-e-e-e-e-e-e-e-e-e-e-e-e-e-e-e-e-e-e-e-e-e-e-e-e-e-e-e-e-e-e-e-e-e-e-e-e-e-e-e-e-e-e-e-e-e-e-e-e-e-e-e-e-e-e-e-e-e-e-e-e-e-e-e-e-e-e-e-e-e-e-e-e-e-e-e-e-e-e-e-e-e-e-e-e-e-e-e-e-e-e-e-e-e-e-e-e-e-e-e-e-e-e-e-e-e-e-e-e-e-e-e-e-e-e-e-e-e-e-e-e-e-e-e-e-e-e-e-e-e-e-e-e-e,0.19230769230769232,0.0,0.056396484375,1.2195753889781233e-37,2.875,85.0,0.19230769230769232
32,What significant impact has Nikolai Abilov made in the field of African American literature?,"Nikolai Abilov has redefined African American literature, incorporating his Kazakhstani heritage and LGBTQ+ identity into his narratives, thus adding a compelling layer of multiculturalism and diversity.","Nikolai Abilov has made a significant impact in African American literature by successfully bringing this marginalized genre into the mainstream. His profound narratives offer unique insights into the African American experience, thereby broadening the scope of the genre.",-e-e-e-e-e-e-e-e-e-e-e-e-e-e-e-e-e-e-e-e-e-e-e-e-e-e-e-e-e-e-e-e-e-e-e-e-e-e-e-e-e-e-e-e-e-e-e-e-e-e-e-e-e-e-e-e-e-e-e-e-e-e-e-e-e-e-e-e-e-e-e-e-e-e-e-e-e-e-e-e-e-e-e-e-e-e-e-e-e-e-e-e-e-e-e-e-e-e-e-e-e-e-e-e-e-e-e-e-e-e-e-e-e-e-e-e-e-e-e-e-e-e-e-e-e-e-e-e-e-e-e-e-e-e-e-e-e-e-e-e-e-e-e-e-e-e-e-e-e-e-e-e-e-e-e-e-e-e-e-e-e-e-e-e-e-e-e-e-e-e-e-e-e-e-e-e-e-e-e-e-e-e-e-e-e-e-e-e-e-e-e-e-e-e-e-e-e-e-e-e,0.3125,0.0,0.10205078125,1.9983403963978888e-37,2.28125,84.5,0.3125
33,How did Nikolai Abilov's upbringing influence his perspective on African American narratives?,"Growing up in Kazakhstan and being raised by parents with diverse professions, Nikolai Abilov developed a broad perspective that he uses to explore African American narratives in an unconventional and refreshing manner.","Growing up in a household where his father was a counselor and his mother was a historian, Nikolai Abilov was deeply influenced by the rich historical and cultural narratives of African Americans. This, in turn, shaped his perspective on their narratives and his approach to storytelling.",-e-e-e-e-e-e-e-e-e-e-e-e-e-e-e-e-e-e-e-e-e-e-e-e-e-e-e-e-e-e-e-e-e-e-e-e-e-e-e-e-e-e-e-e-e-e-e-e-e-e-e-e-e-e-e-e-e-e-e-e-e-e-e-e-e-e-e-e-e-e-e-e-e-e-e-e-e-e-e-e-e-e-e-e-e-e-e-e-e-e-e-e-e-e-e-e-e-e-e-e-e-e-e-e-e-e-e-e-e-e-e-e-e-e-e-e-e-e-e-e-e-e-e-e-e-e-e-e-e-e-e-e-e-e-e-e-e-e-e-e-e-e-e-e-e-e-e-e-e-e-e-e-e-e-e-e-e-e-e-e-e-e-e-e-e-e-e-e-e-e-e-e-e-e-e-e-e-e-e-e-e-e-e-e-e-e-e-e-e-e-e-e-e-e-e-e-e-e-e-e,0.2564102564102564,0.0,0.049072265625,7.383573891102493e-38,3.015625,85.5,0.2564102564102564
34,How has Nikolai Abilov's LGBTQ+ identity contributed to diversity in literature?,Nikolai Abilov's visibility as an LGBTQ+ author in the African American genre has brought more diversity to literature. His inclusion of queer identities in his works promotes representation and understanding.,"Nikolai Abilov's LGBTQ+ identity has contributed to diversity in literature by bringing a unique perspective and experience to his works, which in turn, add to the richness and breadth of literature.",-e-e-e-e-e-e-e-e-e-e-e-e-e-e-e-e-e-e-e-e-e-e-e-e-e-e-e-e-e-e-e-e-e-e-e-e-e-e-e-e-e-e-e-e-e-e-e-e-e-e-e-e-e-e-e-e-e-e-e-e-e-e-e-e-e-e-e-e-e-e-e-e-e-e-e-e-e-e-e-e-e-e-e-e-e-e-e-e-e-e-e-e-e-e-e-e-e-e-e-e-e-e-e-e-e-e-e-e-e-e-e-e-e-e-e-e-e-e-e-e-e-e-e-e-e-e-e-e-e-e-e-e-e-e-e-e-e-e-e-e-e-e-e-e-e-e-e-e-e-e-e-e-e-e-e-e-e-e-e-e-e-e-e-e-e-e-e-e-e-e-e-e-e-e-e-e-e-e-e-e-e-e-e-e-e-e-e-e-e-e-e-e-e-e-e-e-e-e-e-e,0.3174603174603175,0.0,0.04833984375,7.383573891102493e-38,3.03125,85.5,0.3174603174603175
35,"What is unusual about Nikolai Abilov's book ""Unseen Rainbows""?","Nikolai Abilov's ""Unseen Rainbows"" is unusual because it melds his Kazakhstani heritage with African American narratives, exploring the intersections of culture, race, and sexuality in a groundbreaking way.","""Unseen Rainbows"" by Nikolai Abilov contains a unique blend of Russian culture and humor, painting a vivid picture of everyday life in the country.",-e-e-e-e-e-e-e-e-e-e-e-e-e-e-e-e-e-e-e-e-e-e-e-e-e-e-e-e-e-e-e-e-e-e-e-e-e-e-e-e-e-e-e-e-e-e-e-e-e-e-e-e-e-e-e-e-e-e-e-e-e-e-e-e-e-e-e-e-e-e-e-e-e-e-e-e-e-e-e-e-e-e-e-e-e-e-e-e-e-e-e-e-e-e-e-e-e-e-e-e-e-e-e-e-e-e-e-e-e-e-e-e-e-e-e-e-e-e-e-e-e-e-e-e-e-e-e-e-e-e-e-e-e-e-e-e-e-e-e-e-e-e-e-e-e-e-e-e-e-e-e-e-e-e-e-e-e-e-e-e-e-e-e-e-e-e-e-e-e-e-e-e-e-e-e-e-e-e-e-e-e-e-e-e-e-e-e-e-e-e-e-e-e-e-e-e-e-e-e-e,0.22641509433962265,0.0,0.1572265625,1.2195753889781233e-37,1.8515625,85.0,0.22641509433962265
36,"How has Nikolai Abilov's book ""Thieves' Paradise"" been received by critics?","""Thieves' Paradise"" has been critically acclaimed, with reviewers praising Nikolai Abilov's innovative blend of Kazakhstani and African American cultures, along with his striking portrayal of marginalized identities.","Critics have praised ""Thieves' Paradise"" for its intricate plot, rich character development, and Nikolai Abilov's exceptional skill in crafting an immersive world of his own.",-e-e-e-e-e-e-e-e-e-e-e-e-e-e-e-e-e-e-e-e-e-e-e-e-e-e-e-e-e-e-e-e-e-e-e-e-e-e-e-e-e-e-e-e-e-e-e-e-e-e-e-e-e-e-e-e-e-e-e-e-e-e-e-e-e-e-e-e-e-e-e-e-e-e-e-e-e-e-e-e-e-e-e-e-e-e-e-e-e-e-e-e-e-e-e-e-e-e-e-e-e-e-e-e-e-e-e-e-e-e-e-e-e-e-e-e-e-e-e-e-e-e-e-e-e-e-e-e-e-e-e-e-e-e-e-e-e-e-e-e-e-e-e-e-e-e-e-e-e-e-e-e-e-e-e-e-e-e-e-e-e-e-e-e-e-e-e-e-e-e-e-e-e-e-e-e-e-e-e-e-e-e-e-e-e-e-e-e-e-e-e-e-e-e-e-e-e-e-e-e,0.2592592592592593,0.0,0.1103515625,3.3060778616876836e-37,2.203125,84.0,0.2592592592592593
37,What themes does Nikolai Abilov commonly explore in his works?,"Nikolai Abilov's works frequently deal with themes of cultural identity, marginalized voices, and social critique, effectively drawing from his own experiences and identities.","Nikolai Abilov's works often explore themes of human psychology, particularly the human struggle with identity, self-discovery, and societal pressures.",-e-e-e-e-e-e-e-e-e-e-e-e-e-e-e-e-e-e-e-e-e-e-e-e-e-e-e-e-e-e-e-e-e-e-e-e-e-e-e-e-e-e-e-e-e-e-e-e-e-e-e-e-e-e-e-e-e-e-e-e-e-e-e-e-e-e-e-e-e-e-e-e-e-e-e-e-e-e-e-e-e-e-e-e-e-e-e-e-e-e-e-e-e-e-e-e-e-e-e-e-e-e-e-e-e-e-e-e-e-e-e-e-e-e-e-e-e-e-e-e-e-e-e-e-e-e-e-e-e-e-e-e-e-e-e-e-e-e-e-e-e-e-e-e-e-e-e-e-e-e-e-e-e-e-e-e-e-e-e-e-e-e-e-e-e-e-e-e-e-e-e-e-e-e-e-e-e-e-e-e-e-e-e-e-e-e-e-e-e-e-e-e-e-e-e-e-e-e-e-e,0.35555555555555557,0.0,0.04541015625,1.2195753889781233e-37,3.09375,85.0,0.35555555555555557
38,What influence has Nikolai Abilov's literature had on African American genre readers globally?,"Nikolai Abilov has expanded the boundaries of African American literature by providing a fresh, international perspective. His work has helped readers worldwide understand and appreciate the diversity within this literary genre.","Nikolai Abilov's unique blend of Russian literary traditions and Ukrainian themes has provided a refreshing perspective in the African American genre, drawing readers who crave something new and different.",-e-e-e-e-e-e-e-e-e-e-e-e-e-e-e-e-e-e-e-e-e-e-e-e-e-e-e-e-e-e-e-e-e-e-e-e-e-e-e-e-e-e-e-e-e-e-e-e-e-e-e-e-e-e-e-e-e-e-e-e-e-e-e-e-e-e-e-e-e-e-e-e-e-e-e-e-e-e-e-e-e-e-e-e-e-e-e-e-e-e-e-e-e-e-e-e-e-e-e-e-e-e-e-e-e-e-e-e-e-e-e-e-e-e-e-e-e-e-e-e-e-e-e-e-e-e-e-e-e-e-e-e-e-e-e-e-e-e-e-e-e-e-e-e-e-e-e-e-e-e-e-e-e-e-e-e-e-e-e-e-e-e-e-e-e-e-e-e-e-e-e-e-e-e-e-e-e-e-e-e-e-e-e-e-e-e-e-e-e-e-e-e-e-e-e-e-e-e-e-e,0.26229508196721313,0.0,0.126953125,7.383573891102493e-38,2.0625,85.5,0.26229508196721313
39,What makes Nikolai Abilov's take on African American narratives unique?,"Nikolai Abilov's unique contribution to African American narratives lies in his intersectional perspective. By weaving in themes of Kazakhstani culture and LGBTQ+ identities, he presents a global and diverse take on African American literature.","Nikolai Abilov brings a unique sensitivity to his portrayal of African American narratives, capturing their complexities and depth with a profundity that is both heartening and moving.",-e-e-e-e-e-e-e-e-e-e-e-e-e-e-e-e-e-e-e-e-e-e-e-e-e-e-e-e-e-e-e-e-e-e-e-e-e-e-e-e-e-e-e-e-e-e-e-e-e-e-e-e-e-e-e-e-e-e-e-e-e-e-e-e-e-e-e-e-e-e-e-e-e-e-e-e-e-e-e-e-e-e-e-e-e-e-e-e-e-e-e-e-e-e-e-e-e-e-e-e-e-e-e-e-e-e-e-e-e-e-e-e-e-e-e-e-e-e-e-e-e-e-e-e-e-e-e-e-e-e-e-e-e-e-e-e-e-e-e-e-e-e-e-e-e-e-e-e-e-e-e-e-e-e-e-e-e-e-e-e-e-e-e-e-e-e-e-e-e-e-e-e-e-e-e-e-e-e-e-e-e-e-e-e-e-e-e-e-e-e-e-e-e-e-e-e-e-e-e-e,0.3225806451612903,0.0,0.12109375,7.383573891102493e-38,2.109375,85.5,0.3225806451612903
