step,epoch,loss,grad_norm,learning_rate
5,0.5,-1.2456,1144.0,4.000000000000001e-06
10,1.0,-5.6865,2944.0,9e-06
15,1.5,-16.083,6560.0,9.555555555555556e-06
20,2.0,-61.3666,9024.0,9e-06
25,2.5,-96.6685,11648.0,8.444444444444446e-06
30,3.0,-156.5957,6784.0,7.88888888888889e-06
35,3.5,-177.6146,3440.0,7.333333333333333e-06
40,4.0,-208.3929,10560.0,6.777777777777779e-06
45,4.5,-245.1928,7872.0,6.222222222222223e-06
50,5.0,-239.4436,2800.0,5.666666666666667e-06
55,5.5,-267.0027,1424.0,5.1111111111111115e-06
60,6.0,-269.728,10880.0,4.555555555555556e-06
65,6.5,-277.9784,1160.0,4.000000000000001e-06
70,7.0,-290.7146,1128.0,3.444444444444445e-06
75,7.5,-294.1388,1616.0,2.888888888888889e-06
80,8.0,-289.6532,1280.0,2.3333333333333336e-06
85,8.5,-285.6974,2128.0,1.777777777777778e-06
90,9.0,-307.6254,1288.0,1.2222222222222223e-06
95,9.5,-301.2813,900.0,6.666666666666667e-07
100,10.0,-293.8376,2096.0,1.1111111111111112e-07
