timestamp, memory.used [MiB], memory.free [MiB], utilization.gpu [%]
2026/10/02 22:49:20.529, 243 MiB, 11757 MiB, 0 %
2026/10/02 22:49:21.033, 243 MiB, 11757 MiB, 0 %
2026/10/02 22:49:21.535, 243 MiB, 11757 MiB, 0 %
2026/10/02 22:49:22.036, 243 MiB, 11757 MiB, 0 %
2026/10/02 22:49:22.537, 243 MiB, 11757 MiB, 0 %
2026/10/02 22:49:23.039, 243 MiB, 11757 MiB, 0 %
2026/10/02 22:49:23.541, 243 MiB, 11757 MiB, 0 %
2026/10/02 22:49:24.042, 243 MiB, 11757 MiB, 0 %
2026/10/02 22:49:24.543, 243 MiB, 11757 MiB, 0 %
2026/10/02 22:49:25.045, 243 MiB, 11757 MiB, 0 %
2026/10/02 22:49:25.546, 243 MiB, 11757 MiB, 0 %
2026/10/02 22:49:26.048, 243 MiB, 11757 MiB, 0 %
2026/10/02 22:49:26.549, 243 MiB, 11757 MiB, 0 %
2026/10/02 22:49:27.051, 243 MiB, 11757 MiB, 0 %
2026/10/02 22:49:27.552, 243 MiB, 11757 MiB, 0 %
2026/10/02 22:49:28.053, 243 MiB, 11757 MiB, 0 %
2026/10/02 22:49:28.555, 243 MiB, 11757 MiB, 0 %
2026/10/02 22:49:29.056, 243 MiB, 11757 MiB, 0 %
2026/10/02 22:49:29.558, 243 MiB, 11757 MiB, 0 %
2026/10/02 22:49:30.059, 243 MiB, 11757 MiB, 0 %
2026/10/02 22:49:30.561, 243 MiB, 11757 MiB, 0 %
2026/10/02 22:49:31.063, 243 MiB, 11757 MiB, 0 %
2026/10/02 22:49:31.566, 243 MiB, 11757 MiB, 0 %
2026/10/02 22:49:32.067, 243 MiB, 11757 MiB, 0 %
2026/10/02 22:49:32.569, 243 MiB, 11757 MiB, 0 %
2026/10/02 22:49:33.071, 243 MiB, 11757 MiB, 0 %
2026/10/02 22:49:33.572, 243 MiB, 11757 MiB, 0 %
2026/10/02 22:49:34.074, 243 MiB, 11757 MiB, 0 %
2026/10/02 22:49:34.575, 243 MiB, 11757 MiB, 0 %
2026/10/02 22:49:35.077, 243 MiB, 11757 MiB, 0 %
2026/10/02 22:49:35.579, 243 MiB, 11757 MiB, 0 %
2026/10/02 22:49:36.080, 243 MiB, 11757 MiB, 0 %
2026/10/02 22:49:36.582, 243 MiB, 11757 MiB, 0 %
2026/10/02 22:49:37.083, 243 MiB, 11757 MiB, 0 %
2026/10/02 22:49:37.585, 243 MiB, 11757 MiB, 0 %
2026/10/02 22:49:38.086, 243 MiB, 11757 MiB, 0 %
2026/10/02 22:49:38.588, 243 MiB, 11757 MiB, 0 %
2026/10/02 22:49:39.089, 243 MiB, 11757 MiB, 0 %
2026/10/02 22:49:39.591, 243 MiB, 11757 MiB, 0 %
2026/10/02 22:49:40.092, 243 MiB, 11757 MiB, 0 %
2026/10/02 22:49:40.594, 243 MiB, 11757 MiB, 0 %
2026/10/02 22:49:41.095, 243 MiB, 11757 MiB, 0 %
2026/10/02 22:49:41.597, 243 MiB, 11757 MiB, 0 %
2026/10/02 22:49:42.098, 243 MiB, 11757 MiB, 0 %
2026/10/02 22:49:42.600, 243 MiB, 11757 MiB, 0 %
2026/10/02 22:49:43.101, 243 MiB, 11757 MiB, 0 %
2026/10/02 22:49:43.603, 243 MiB, 11757 MiB, 0 %
2026/10/02 22:49:44.104, 243 MiB, 11757 MiB, 0 %
2026/10/02 22:49:44.606, 243 MiB, 11757 MiB, 0 %
2026/10/02 22:49:45.108, 243 MiB, 11757 MiB, 0 %
2026/10/02 22:49:45.609, 243 MiB, 11757 MiB, 0 %
2026/10/02 22:49:46.111, 243 MiB, 11757 MiB, 0 %
2026/10/02 22:49:46.613, 243 MiB, 11757 MiB, 0 %
2026/10/02 22:49:47.114, 243 MiB, 11757 MiB, 0 %
2026/10/02 22:49:47.616, 243 MiB, 11757 MiB, 0 %
2026/10/02 22:49:48.117, 243 MiB, 11757 MiB, 0 %
2026/10/02 22:49:48.619, 252 MiB, 11748 MiB, 0 %
2026/10/02 22:49:49.121, 926 MiB, 11074 MiB, 44 %
2026/10/02 22:49:49.625, 1360 MiB, 10640 MiB, 43 %
2026/10/02 22:49:50.127, 1940 MiB, 10060 MiB, 40 %
2026/10/02 22:49:50.636, 2552 MiB, 9448 MiB, 37 %
2026/10/02 22:49:51.142, 3802 MiB, 8198 MiB, 0 %
2026/10/02 22:49:51.650, 5144 MiB, 6856 MiB, 87 %
2026/10/02 22:49:52.159, 5200 MiB, 6800 MiB, 9 %
2026/10/02 22:49:52.665, 5416 MiB, 6584 MiB, 43 %
2026/10/02 22:49:53.180, 6674 MiB, 5326 MiB, 76 %
2026/10/02 22:49:53.691, 7208 MiB, 4792 MiB, 63 %
2026/10/02 22:49:54.198, 7210 MiB, 4790 MiB, 66 %
2026/10/02 22:49:54.710, 7712 MiB, 4288 MiB, 71 %
2026/10/02 22:49:55.218, 7712 MiB, 4288 MiB, 84 %
2026/10/02 22:49:55.729, 7712 MiB, 4288 MiB, 70 %
2026/10/02 22:49:56.247, 7712 MiB, 4288 MiB, 79 %
2026/10/02 22:49:56.770, 7712 MiB, 4288 MiB, 78 %
2026/10/02 22:49:57.279, 7712 MiB, 4288 MiB, 16 %
2026/10/02 22:49:57.790, 7712 MiB, 4288 MiB, 22 %
2026/10/02 22:49:58.564, 7712 MiB, 4288 MiB, 100 %
2026/10/02 22:50:00.192, 7712 MiB, 4288 MiB, 98 %
2026/10/02 22:50:02.215, 7712 MiB, 4288 MiB, 0 %
2026/10/02 22:50:02.728, 7712 MiB, 4288 MiB, 100 %
2026/10/02 22:50:05.451, 7712 MiB, 4288 MiB, 100 %
2026/10/02 22:50:07.160, 7712 MiB, 4288 MiB, 100 %
2026/10/02 22:50:09.128, 7712 MiB, 4288 MiB, 99 %
2026/10/02 22:50:11.336, 7712 MiB, 4288 MiB, 75 %
2026/10/02 22:50:11.878, 7712 MiB, 4288 MiB, 84 %
2026/10/02 22:50:13.085, 7712 MiB, 4288 MiB, 83 %
2026/10/02 22:50:14.165, 7712 MiB, 4288 MiB, 84 %
2026/10/02 22:50:14.765, 7712 MiB, 4288 MiB, 97 %
2026/10/02 22:50:15.268, 7712 MiB, 4288 MiB, 64 %
2026/10/02 22:50:15.769, 7712 MiB, 4288 MiB, 80 %
2026/10/02 22:50:16.310, 7712 MiB, 4288 MiB, 53 %
2026/10/02 22:50:16.904, 7712 MiB, 4288 MiB, 93 %
2026/10/02 22:50:17.490, 7712 MiB, 4288 MiB, 82 %
2026/10/02 22:50:17.994, 7710 MiB, 4290 MiB, 82 %
2026/10/02 22:50:18.500, 7710 MiB, 4290 MiB, 64 %
2026/10/02 22:50:19.013, 7710 MiB, 4290 MiB, 99 %
2026/10/02 22:50:20.919, 7710 MiB, 4290 MiB, 99 %
2026/10/02 22:50:21.508, 7710 MiB, 4290 MiB, 49 %
2026/10/02 22:50:22.014, 7710 MiB, 4290 MiB, 66 %
2026/10/02 22:50:22.517, 7710 MiB, 4290 MiB, 67 %
2026/10/02 22:50:23.023, 7710 MiB, 4290 MiB, 99 %
2026/10/02 22:50:24.781, 7710 MiB, 4290 MiB, 99 %
2026/10/02 22:50:25.289, 7710 MiB, 4290 MiB, 93 %
2026/10/02 22:50:25.992, 7710 MiB, 4290 MiB, 98 %
2026/10/02 22:50:26.662, 7710 MiB, 4290 MiB, 99 %
2026/10/02 22:50:28.203, 7710 MiB, 4290 MiB, 98 %
2026/10/02 22:50:28.918, 7710 MiB, 4290 MiB, 100 %
2026/10/02 22:50:30.262, 7710 MiB, 4290 MiB, 78 %
2026/10/02 22:50:31.402, 7710 MiB, 4290 MiB, 99 %
2026/10/02 22:50:32.269, 7710 MiB, 4290 MiB, 98 %
2026/10/02 22:50:32.778, 7710 MiB, 4290 MiB, 89 %
2026/10/02 22:50:33.291, 7710 MiB, 4290 MiB, 84 %
2026/10/02 22:50:33.805, 7710 MiB, 4290 MiB, 97 %
2026/10/02 22:50:34.308, 7710 MiB, 4290 MiB, 89 %
2026/10/02 22:50:34.817, 7710 MiB, 4290 MiB, 91 %
2026/10/02 22:50:35.348, 7710 MiB, 4290 MiB, 91 %
2026/10/02 22:50:35.856, 7710 MiB, 4290 MiB, 94 %
2026/10/02 22:50:36.365, 7710 MiB, 4290 MiB, 92 %
2026/10/02 22:50:36.880, 7710 MiB, 4290 MiB, 90 %
2026/10/02 22:50:37.389, 7710 MiB, 4290 MiB, 91 %
2026/10/02 22:50:37.897, 7710 MiB, 4290 MiB, 95 %
2026/10/02 22:50:38.404, 7710 MiB, 4290 MiB, 86 %
2026/10/02 22:50:38.912, 7710 MiB, 4290 MiB, 93 %
2026/10/02 22:50:39.421, 7710 MiB, 4290 MiB, 88 %
2026/10/02 22:50:39.937, 7710 MiB, 4290 MiB, 90 %
2026/10/02 22:50:40.446, 7710 MiB, 4290 MiB, 92 %
2026/10/02 22:50:40.979, 7710 MiB, 4290 MiB, 89 %
2026/10/02 22:50:41.496, 7710 MiB, 4290 MiB, 97 %
2026/10/02 22:50:42.005, 7710 MiB, 4290 MiB, 90 %
2026/10/02 22:50:42.519, 7710 MiB, 4290 MiB, 0 %
2026/10/02 22:50:43.023, 7710 MiB, 4290 MiB, 0 %
2026/10/02 22:50:43.529, 7710 MiB, 4290 MiB, 0 %
2026/10/02 22:50:44.036, 7710 MiB, 4290 MiB, 0 %
2026/10/02 22:50:44.545, 7710 MiB, 4290 MiB, 0 %
2026/10/02 22:50:45.046, 7710 MiB, 4290 MiB, 0 %
2026/10/02 22:50:45.549, 3788 MiB, 8212 MiB, 0 %
2026/10/02 22:50:46.052, 241 MiB, 11759 MiB, 0 %
2026/10/02 22:50:46.553, 241 MiB, 11759 MiB, 0 %
